<?xml version="1.0" encoding="UTF-8"?>
<gpx version="1.1" creator="ridewithgps" xmlns="http://www.topografix.com/GPX/1/1">
  <trk>
    <name>Ystad-Önneköpinge-Harlösa</name>
    <trkseg>
      <trkpt lat="55.719160" lon="13.193690"><ele>59.0</ele></trkpt>
      <trkpt lat="55.719040" lon="13.193870"><ele>58.9</ele></trkpt>
      <trkpt lat="55.718920" lon="13.193990"><ele>58.9</ele></trkpt>
      <trkpt lat="55.718680" lon="13.194140"><ele>59.0</ele></trkpt>
      <trkpt lat="55.718600" lon="13.194170"><ele>59.0</ele></trkpt>
      <trkpt lat="55.718350" lon="13.194160"><ele>59.0</ele></trkpt>
      <trkpt lat="55.718340" lon="13.194910"><ele>60.8</ele></trkpt>
      <trkpt lat="55.717640" lon="13.194800"><ele>60.5</ele></trkpt>
      <trkpt lat="55.716940" lon="13.194690"><ele>60.5</ele></trkpt>
      <trkpt lat="55.716870" lon="13.194620"><ele>60.4</ele></trkpt>
      <trkpt lat="55.716840" lon="13.194970"><ele>61.0</ele></trkpt>
      <trkpt lat="55.716800" lon="13.195260"><ele>61.3</ele></trkpt>
      <trkpt lat="55.716730" lon="13.195620"><ele>61.7</ele></trkpt>
      <trkpt lat="55.716650" lon="13.195930"><ele>62.2</ele></trkpt>
      <trkpt lat="55.716570" lon="13.196230"><ele>62.7</ele></trkpt>
      <trkpt lat="55.716430" lon="13.196630"><ele>62.8</ele></trkpt>
      <trkpt lat="55.716290" lon="13.197020"><ele>62.6</ele></trkpt>
      <trkpt lat="55.716080" lon="13.197520"><ele>62.6</ele></trkpt>
      <trkpt lat="55.715820" lon="13.198060"><ele>63.3</ele></trkpt>
      <trkpt lat="55.715740" lon="13.198200"><ele>63.5</ele></trkpt>
      <trkpt lat="55.715570" lon="13.198480"><ele>63.4</ele></trkpt>
      <trkpt lat="55.715360" lon="13.198780"><ele>62.9</ele></trkpt>
      <trkpt lat="55.715070" lon="13.199140"><ele>62.2</ele></trkpt>
      <trkpt lat="55.714970" lon="13.199230"><ele>61.9</ele></trkpt>
      <trkpt lat="55.714900" lon="13.199260"><ele>61.8</ele></trkpt>
      <trkpt lat="55.714840" lon="13.199270"><ele>61.7</ele></trkpt>
      <trkpt lat="55.714790" lon="13.199240"><ele>61.7</ele></trkpt>
      <trkpt lat="55.714600" lon="13.199430"><ele>61.2</ele></trkpt>
      <trkpt lat="55.714590" lon="13.199480"><ele>61.1</ele></trkpt>
      <trkpt lat="55.714590" lon="13.199530"><ele>61.1</ele></trkpt>
      <trkpt lat="55.714590" lon="13.199560"><ele>61.0</ele></trkpt>
      <trkpt lat="55.714530" lon="13.199680"><ele>60.8</ele></trkpt>
      <trkpt lat="55.714410" lon="13.199840"><ele>60.5</ele></trkpt>
      <trkpt lat="55.714270" lon="13.200060"><ele>60.1</ele></trkpt>
      <trkpt lat="55.714190" lon="13.200170"><ele>60.0</ele></trkpt>
      <trkpt lat="55.713990" lon="13.200350"><ele>60.7</ele></trkpt>
      <trkpt lat="55.713860" lon="13.200530"><ele>61.3</ele></trkpt>
      <trkpt lat="55.713840" lon="13.200580"><ele>61.4</ele></trkpt>
      <trkpt lat="55.713810" lon="13.200610"><ele>61.6</ele></trkpt>
      <trkpt lat="55.713740" lon="13.200570"><ele>61.9</ele></trkpt>
      <trkpt lat="55.713660" lon="13.200490"><ele>62.2</ele></trkpt>
      <trkpt lat="55.713580" lon="13.200750"><ele>62.7</ele></trkpt>
      <trkpt lat="55.713520" lon="13.200910"><ele>63.3</ele></trkpt>
      <trkpt lat="55.713460" lon="13.201030"><ele>63.8</ele></trkpt>
      <trkpt lat="55.713330" lon="13.201330"><ele>65.2</ele></trkpt>
      <trkpt lat="55.713260" lon="13.201550"><ele>65.9</ele></trkpt>
      <trkpt lat="55.713220" lon="13.201820"><ele>66.6</ele></trkpt>
      <trkpt lat="55.713140" lon="13.202610"><ele>68.6</ele></trkpt>
      <trkpt lat="55.713060" lon="13.203400"><ele>71.1</ele></trkpt>
      <trkpt lat="55.713020" lon="13.203840"><ele>71.4</ele></trkpt>
      <trkpt lat="55.712960" lon="13.203970"><ele>71.4</ele></trkpt>
      <trkpt lat="55.712890" lon="13.204220"><ele>71.5</ele></trkpt>
      <trkpt lat="55.712910" lon="13.204660"><ele>71.5</ele></trkpt>
      <trkpt lat="55.712910" lon="13.204840"><ele>71.5</ele></trkpt>
      <trkpt lat="55.712840" lon="13.204980"><ele>71.2</ele></trkpt>
      <trkpt lat="55.712650" lon="13.205050"><ele>70.5</ele></trkpt>
      <trkpt lat="55.712580" lon="13.205100"><ele>70.3</ele></trkpt>
      <trkpt lat="55.711990" lon="13.205340"><ele>70.0</ele></trkpt>
      <trkpt lat="55.711870" lon="13.205510"><ele>70.0</ele></trkpt>
      <trkpt lat="55.711120" lon="13.205790"><ele>70.0</ele></trkpt>
      <trkpt lat="55.710960" lon="13.205740"><ele>69.9</ele></trkpt>
      <trkpt lat="55.710330" lon="13.205990"><ele>68.8</ele></trkpt>
      <trkpt lat="55.709700" lon="13.206250"><ele>66.4</ele></trkpt>
      <trkpt lat="55.709360" lon="13.206430"><ele>65.0</ele></trkpt>
      <trkpt lat="55.709150" lon="13.206560"><ele>64.1</ele></trkpt>
      <trkpt lat="55.708800" lon="13.206830"><ele>63.1</ele></trkpt>
      <trkpt lat="55.708590" lon="13.207030"><ele>62.6</ele></trkpt>
      <trkpt lat="55.708530" lon="13.207060"><ele>62.5</ele></trkpt>
      <trkpt lat="55.708470" lon="13.207130"><ele>62.3</ele></trkpt>
      <trkpt lat="55.708450" lon="13.207160"><ele>62.3</ele></trkpt>
      <trkpt lat="55.707980" lon="13.207590"><ele>61.6</ele></trkpt>
      <trkpt lat="55.707500" lon="13.208020"><ele>61.6</ele></trkpt>
      <trkpt lat="55.707330" lon="13.208320"><ele>61.4</ele></trkpt>
      <trkpt lat="55.707070" lon="13.208530"><ele>60.6</ele></trkpt>
      <trkpt lat="55.706870" lon="13.208590"><ele>60.0</ele></trkpt>
      <trkpt lat="55.706140" lon="13.209260"><ele>58.2</ele></trkpt>
      <trkpt lat="55.705610" lon="13.209720"><ele>56.6</ele></trkpt>
      <trkpt lat="55.705080" lon="13.210190"><ele>54.6</ele></trkpt>
      <trkpt lat="55.705040" lon="13.210380"><ele>54.7</ele></trkpt>
      <trkpt lat="55.704810" lon="13.210580"><ele>54.0</ele></trkpt>
      <trkpt lat="55.704770" lon="13.210470"><ele>53.7</ele></trkpt>
      <trkpt lat="55.704240" lon="13.210940"><ele>52.4</ele></trkpt>
      <trkpt lat="55.704020" lon="13.211090"><ele>51.6</ele></trkpt>
      <trkpt lat="55.703660" lon="13.211290"><ele>50.1</ele></trkpt>
      <trkpt lat="55.703490" lon="13.211380"><ele>49.4</ele></trkpt>
      <trkpt lat="55.703130" lon="13.211510"><ele>48.1</ele></trkpt>
      <trkpt lat="55.702930" lon="13.211570"><ele>47.5</ele></trkpt>
      <trkpt lat="55.702530" lon="13.211640"><ele>46.1</ele></trkpt>
      <trkpt lat="55.702260" lon="13.211650"><ele>45.4</ele></trkpt>
      <trkpt lat="55.702000" lon="13.211640"><ele>44.8</ele></trkpt>
      <trkpt lat="55.701690" lon="13.211600"><ele>44.1</ele></trkpt>
      <trkpt lat="55.701290" lon="13.211510"><ele>43.7</ele></trkpt>
      <trkpt lat="55.700460" lon="13.211240"><ele>42.2</ele></trkpt>
      <trkpt lat="55.699700" lon="13.210940"><ele>39.0</ele></trkpt>
      <trkpt lat="55.699660" lon="13.210890"><ele>38.9</ele></trkpt>
      <trkpt lat="55.699610" lon="13.211220"><ele>38.0</ele></trkpt>
      <trkpt lat="55.699580" lon="13.211230"><ele>37.8</ele></trkpt>
      <trkpt lat="55.699540" lon="13.211280"><ele>37.4</ele></trkpt>
      <trkpt lat="55.699530" lon="13.211320"><ele>37.3</ele></trkpt>
      <trkpt lat="55.699330" lon="13.212500"><ele>35.0</ele></trkpt>
      <trkpt lat="55.699200" lon="13.213330"><ele>33.2</ele></trkpt>
      <trkpt lat="55.699070" lon="13.214160"><ele>32.9</ele></trkpt>
      <trkpt lat="55.699070" lon="13.214180"><ele>32.9</ele></trkpt>
      <trkpt lat="55.698990" lon="13.214650"><ele>32.7</ele></trkpt>
      <trkpt lat="55.698780" lon="13.216010"><ele>32.7</ele></trkpt>
      <trkpt lat="55.698660" lon="13.216600"><ele>33.3</ele></trkpt>
      <trkpt lat="55.698640" lon="13.216910"><ele>33.6</ele></trkpt>
      <trkpt lat="55.698540" lon="13.217130"><ele>33.8</ele></trkpt>
      <trkpt lat="55.698430" lon="13.217680"><ele>34.4</ele></trkpt>
      <trkpt lat="55.698440" lon="13.217750"><ele>34.5</ele></trkpt>
      <trkpt lat="55.698420" lon="13.217930"><ele>34.7</ele></trkpt>
      <trkpt lat="55.698430" lon="13.217980"><ele>34.7</ele></trkpt>
      <trkpt lat="55.698440" lon="13.218020"><ele>34.8</ele></trkpt>
      <trkpt lat="55.698580" lon="13.218240"><ele>35.2</ele></trkpt>
      <trkpt lat="55.698600" lon="13.218320"><ele>35.3</ele></trkpt>
      <trkpt lat="55.698580" lon="13.218450"><ele>35.3</ele></trkpt>
      <trkpt lat="55.698160" lon="13.219810"><ele>35.4</ele></trkpt>
      <trkpt lat="55.698040" lon="13.220380"><ele>35.3</ele></trkpt>
      <trkpt lat="55.697930" lon="13.221040"><ele>34.9</ele></trkpt>
      <trkpt lat="55.697900" lon="13.221170"><ele>34.7</ele></trkpt>
      <trkpt lat="55.697730" lon="13.221720"><ele>33.9</ele></trkpt>
      <trkpt lat="55.697570" lon="13.222480"><ele>34.1</ele></trkpt>
      <trkpt lat="55.697510" lon="13.222690"><ele>34.3</ele></trkpt>
      <trkpt lat="55.697420" lon="13.222890"><ele>34.2</ele></trkpt>
      <trkpt lat="55.697330" lon="13.223070"><ele>34.1</ele></trkpt>
      <trkpt lat="55.697250" lon="13.223240"><ele>34.0</ele></trkpt>
      <trkpt lat="55.697100" lon="13.223860"><ele>33.6</ele></trkpt>
      <trkpt lat="55.696710" lon="13.223560"><ele>32.2</ele></trkpt>
      <trkpt lat="55.696640" lon="13.223760"><ele>32.0</ele></trkpt>
      <trkpt lat="55.696470" lon="13.224100"><ele>32.0</ele></trkpt>
      <trkpt lat="55.696410" lon="13.224290"><ele>32.1</ele></trkpt>
      <trkpt lat="55.696110" lon="13.225480"><ele>33.2</ele></trkpt>
      <trkpt lat="55.696020" lon="13.226030"><ele>33.1</ele></trkpt>
      <trkpt lat="55.695950" lon="13.226330"><ele>32.7</ele></trkpt>
      <trkpt lat="55.695880" lon="13.226530"><ele>32.3</ele></trkpt>
      <trkpt lat="55.695780" lon="13.226790"><ele>32.1</ele></trkpt>
      <trkpt lat="55.695690" lon="13.227020"><ele>32.4</ele></trkpt>
      <trkpt lat="55.695640" lon="13.227240"><ele>32.5</ele></trkpt>
      <trkpt lat="55.695830" lon="13.227390"><ele>33.0</ele></trkpt>
      <trkpt lat="55.696080" lon="13.227590"><ele>33.7</ele></trkpt>
      <trkpt lat="55.696260" lon="13.227730"><ele>34.2</ele></trkpt>
      <trkpt lat="55.696020" lon="13.228720"><ele>34.8</ele></trkpt>
      <trkpt lat="55.695960" lon="13.228960"><ele>35.0</ele></trkpt>
      <trkpt lat="55.695710" lon="13.229970"><ele>35.7</ele></trkpt>
      <trkpt lat="55.695680" lon="13.230290"><ele>36.3</ele></trkpt>
      <trkpt lat="55.695650" lon="13.230410"><ele>36.4</ele></trkpt>
      <trkpt lat="55.695540" lon="13.230860"><ele>37.0</ele></trkpt>
      <trkpt lat="55.695500" lon="13.231110"><ele>37.5</ele></trkpt>
      <trkpt lat="55.695370" lon="13.232010"><ele>38.9</ele></trkpt>
      <trkpt lat="55.695340" lon="13.232130"><ele>38.9</ele></trkpt>
      <trkpt lat="55.695050" lon="13.232820"><ele>39.0</ele></trkpt>
      <trkpt lat="55.694810" lon="13.233360"><ele>38.9</ele></trkpt>
      <trkpt lat="55.694690" lon="13.233730"><ele>39.1</ele></trkpt>
      <trkpt lat="55.694500" lon="13.234460"><ele>39.7</ele></trkpt>
      <trkpt lat="55.694310" lon="13.235200"><ele>40.3</ele></trkpt>
      <trkpt lat="55.694030" lon="13.236190"><ele>40.5</ele></trkpt>
      <trkpt lat="55.693760" lon="13.237180"><ele>39.7</ele></trkpt>
      <trkpt lat="55.693460" lon="13.238190"><ele>39.4</ele></trkpt>
      <trkpt lat="55.693170" lon="13.239190"><ele>37.8</ele></trkpt>
      <trkpt lat="55.692870" lon="13.240200"><ele>36.9</ele></trkpt>
      <trkpt lat="55.692690" lon="13.240870"><ele>36.7</ele></trkpt>
      <trkpt lat="55.692440" lon="13.241760"><ele>36.8</ele></trkpt>
      <trkpt lat="55.692360" lon="13.242060"><ele>36.7</ele></trkpt>
      <trkpt lat="55.692330" lon="13.242270"><ele>36.9</ele></trkpt>
      <trkpt lat="55.692220" lon="13.243300"><ele>37.9</ele></trkpt>
      <trkpt lat="55.692220" lon="13.243400"><ele>38.1</ele></trkpt>
      <trkpt lat="55.692190" lon="13.243470"><ele>38.1</ele></trkpt>
      <trkpt lat="55.691720" lon="13.244240"><ele>38.4</ele></trkpt>
      <trkpt lat="55.691570" lon="13.244470"><ele>38.7</ele></trkpt>
      <trkpt lat="55.691270" lon="13.244960"><ele>39.0</ele></trkpt>
      <trkpt lat="55.691160" lon="13.245170"><ele>38.7</ele></trkpt>
      <trkpt lat="55.691050" lon="13.245430"><ele>38.4</ele></trkpt>
      <trkpt lat="55.690680" lon="13.246550"><ele>39.0</ele></trkpt>
      <trkpt lat="55.690390" lon="13.247490"><ele>37.9</ele></trkpt>
      <trkpt lat="55.690090" lon="13.248430"><ele>37.2</ele></trkpt>
      <trkpt lat="55.689770" lon="13.249570"><ele>36.9</ele></trkpt>
      <trkpt lat="55.689450" lon="13.250720"><ele>37.5</ele></trkpt>
      <trkpt lat="55.689270" lon="13.251390"><ele>38.0</ele></trkpt>
      <trkpt lat="55.688960" lon="13.252580"><ele>38.9</ele></trkpt>
      <trkpt lat="55.688700" lon="13.253740"><ele>39.9</ele></trkpt>
      <trkpt lat="55.688460" lon="13.254740"><ele>39.4</ele></trkpt>
      <trkpt lat="55.688230" lon="13.255740"><ele>37.5</ele></trkpt>
      <trkpt lat="55.688110" lon="13.255830"><ele>36.7</ele></trkpt>
      <trkpt lat="55.688080" lon="13.255870"><ele>36.4</ele></trkpt>
      <trkpt lat="55.688060" lon="13.255950"><ele>36.2</ele></trkpt>
      <trkpt lat="55.687900" lon="13.256590"><ele>34.5</ele></trkpt>
      <trkpt lat="55.687720" lon="13.257390"><ele>33.3</ele></trkpt>
      <trkpt lat="55.687540" lon="13.258180"><ele>32.2</ele></trkpt>
      <trkpt lat="55.687320" lon="13.259160"><ele>31.4</ele></trkpt>
      <trkpt lat="55.687090" lon="13.260060"><ele>30.5</ele></trkpt>
      <trkpt lat="55.686870" lon="13.260950"><ele>30.4</ele></trkpt>
      <trkpt lat="55.686570" lon="13.262100"><ele>30.8</ele></trkpt>
      <trkpt lat="55.686210" lon="13.263320"><ele>30.3</ele></trkpt>
      <trkpt lat="55.686140" lon="13.263480"><ele>30.1</ele></trkpt>
      <trkpt lat="55.686050" lon="13.263660"><ele>29.8</ele></trkpt>
      <trkpt lat="55.685930" lon="13.264080"><ele>29.3</ele></trkpt>
      <trkpt lat="55.685550" lon="13.265410"><ele>29.3</ele></trkpt>
      <trkpt lat="55.685180" lon="13.266740"><ele>29.0</ele></trkpt>
      <trkpt lat="55.684860" lon="13.267790"><ele>29.0</ele></trkpt>
      <trkpt lat="55.684550" lon="13.268840"><ele>29.2</ele></trkpt>
      <trkpt lat="55.684520" lon="13.269010"><ele>29.3</ele></trkpt>
      <trkpt lat="55.684430" lon="13.269350"><ele>29.5</ele></trkpt>
      <trkpt lat="55.683980" lon="13.270670"><ele>29.8</ele></trkpt>
      <trkpt lat="55.683640" lon="13.271610"><ele>29.6</ele></trkpt>
      <trkpt lat="55.683300" lon="13.272550"><ele>30.1</ele></trkpt>
      <trkpt lat="55.683160" lon="13.272830"><ele>30.4</ele></trkpt>
      <trkpt lat="55.682690" lon="13.274140"><ele>31.7</ele></trkpt>
      <trkpt lat="55.682460" lon="13.274820"><ele>32.7</ele></trkpt>
      <trkpt lat="55.682230" lon="13.275510"><ele>32.0</ele></trkpt>
      <trkpt lat="55.682170" lon="13.275770"><ele>31.8</ele></trkpt>
      <trkpt lat="55.682120" lon="13.276110"><ele>31.8</ele></trkpt>
      <trkpt lat="55.681920" lon="13.276710"><ele>31.3</ele></trkpt>
      <trkpt lat="55.681830" lon="13.276890"><ele>31.0</ele></trkpt>
      <trkpt lat="55.681640" lon="13.277430"><ele>30.9</ele></trkpt>
      <trkpt lat="55.681340" lon="13.278450"><ele>31.2</ele></trkpt>
      <trkpt lat="55.681030" lon="13.279460"><ele>30.7</ele></trkpt>
      <trkpt lat="55.680690" lon="13.280680"><ele>30.7</ele></trkpt>
      <trkpt lat="55.680340" lon="13.281890"><ele>30.8</ele></trkpt>
      <trkpt lat="55.680040" lon="13.282860"><ele>29.7</ele></trkpt>
      <trkpt lat="55.679750" lon="13.283830"><ele>28.4</ele></trkpt>
      <trkpt lat="55.679410" lon="13.284850"><ele>27.8</ele></trkpt>
      <trkpt lat="55.679010" lon="13.285990"><ele>26.8</ele></trkpt>
      <trkpt lat="55.678610" lon="13.287140"><ele>26.7</ele></trkpt>
      <trkpt lat="55.678210" lon="13.288280"><ele>26.5</ele></trkpt>
      <trkpt lat="55.677810" lon="13.289420"><ele>25.2</ele></trkpt>
      <trkpt lat="55.677770" lon="13.289640"><ele>25.2</ele></trkpt>
      <trkpt lat="55.677730" lon="13.289790"><ele>25.2</ele></trkpt>
      <trkpt lat="55.677680" lon="13.289930"><ele>25.2</ele></trkpt>
      <trkpt lat="55.677620" lon="13.290090"><ele>25.1</ele></trkpt>
      <trkpt lat="55.677550" lon="13.290210"><ele>25.1</ele></trkpt>
      <trkpt lat="55.677460" lon="13.290420"><ele>25.0</ele></trkpt>
      <trkpt lat="55.677120" lon="13.291370"><ele>25.2</ele></trkpt>
      <trkpt lat="55.676780" lon="13.292310"><ele>25.1</ele></trkpt>
      <trkpt lat="55.676450" lon="13.293260"><ele>24.7</ele></trkpt>
      <trkpt lat="55.676170" lon="13.294060"><ele>24.4</ele></trkpt>
      <trkpt lat="55.675900" lon="13.294860"><ele>24.9</ele></trkpt>
      <trkpt lat="55.675510" lon="13.295960"><ele>24.5</ele></trkpt>
      <trkpt lat="55.675110" lon="13.297060"><ele>23.1</ele></trkpt>
      <trkpt lat="55.674660" lon="13.298330"><ele>23.0</ele></trkpt>
      <trkpt lat="55.674220" lon="13.299600"><ele>23.0</ele></trkpt>
      <trkpt lat="55.673770" lon="13.300880"><ele>23.0</ele></trkpt>
      <trkpt lat="55.673320" lon="13.302150"><ele>23.6</ele></trkpt>
      <trkpt lat="55.672870" lon="13.303420"><ele>25.1</ele></trkpt>
      <trkpt lat="55.672650" lon="13.304080"><ele>25.9</ele></trkpt>
      <trkpt lat="55.672370" lon="13.304940"><ele>26.8</ele></trkpt>
      <trkpt lat="55.672030" lon="13.306050"><ele>27.8</ele></trkpt>
      <trkpt lat="55.671650" lon="13.307360"><ele>29.8</ele></trkpt>
      <trkpt lat="55.671270" lon="13.308680"><ele>31.0</ele></trkpt>
      <trkpt lat="55.670900" lon="13.309990"><ele>31.0</ele></trkpt>
      <trkpt lat="55.670520" lon="13.311310"><ele>31.6</ele></trkpt>
      <trkpt lat="55.670290" lon="13.312000"><ele>32.0</ele></trkpt>
      <trkpt lat="55.669970" lon="13.312940"><ele>32.5</ele></trkpt>
      <trkpt lat="55.669650" lon="13.313890"><ele>33.0</ele></trkpt>
      <trkpt lat="55.669330" lon="13.314830"><ele>33.8</ele></trkpt>
      <trkpt lat="55.669090" lon="13.315590"><ele>33.9</ele></trkpt>
      <trkpt lat="55.668880" lon="13.316320"><ele>33.7</ele></trkpt>
      <trkpt lat="55.668500" lon="13.317710"><ele>33.5</ele></trkpt>
      <trkpt lat="55.668120" lon="13.319100"><ele>33.7</ele></trkpt>
      <trkpt lat="55.667740" lon="13.320490"><ele>34.4</ele></trkpt>
      <trkpt lat="55.667350" lon="13.321890"><ele>36.0</ele></trkpt>
      <trkpt lat="55.667280" lon="13.322220"><ele>36.2</ele></trkpt>
      <trkpt lat="55.667180" lon="13.322900"><ele>36.7</ele></trkpt>
      <trkpt lat="55.667130" lon="13.323600"><ele>37.1</ele></trkpt>
      <trkpt lat="55.667070" lon="13.324960"><ele>37.9</ele></trkpt>
      <trkpt lat="55.667010" lon="13.326320"><ele>39.0</ele></trkpt>
      <trkpt lat="55.666960" lon="13.327520"><ele>39.7</ele></trkpt>
      <trkpt lat="55.666910" lon="13.328720"><ele>41.0</ele></trkpt>
      <trkpt lat="55.666880" lon="13.329590"><ele>42.0</ele></trkpt>
      <trkpt lat="55.666850" lon="13.330450"><ele>43.1</ele></trkpt>
      <trkpt lat="55.666830" lon="13.331250"><ele>44.6</ele></trkpt>
      <trkpt lat="55.666830" lon="13.331500"><ele>45.2</ele></trkpt>
      <trkpt lat="55.666840" lon="13.331710"><ele>45.7</ele></trkpt>
      <trkpt lat="55.666870" lon="13.332040"><ele>46.2</ele></trkpt>
      <trkpt lat="55.666900" lon="13.332250"><ele>46.5</ele></trkpt>
      <trkpt lat="55.666940" lon="13.332390"><ele>46.9</ele></trkpt>
      <trkpt lat="55.667000" lon="13.332530"><ele>47.3</ele></trkpt>
      <trkpt lat="55.667000" lon="13.332580"><ele>47.4</ele></trkpt>
      <trkpt lat="55.666990" lon="13.332630"><ele>47.4</ele></trkpt>
      <trkpt lat="55.666970" lon="13.332720"><ele>47.5</ele></trkpt>
      <trkpt lat="55.666960" lon="13.332830"><ele>47.7</ele></trkpt>
      <trkpt lat="55.666970" lon="13.332910"><ele>47.9</ele></trkpt>
      <trkpt lat="55.666960" lon="13.332950"><ele>47.9</ele></trkpt>
      <trkpt lat="55.666820" lon="13.333230"><ele>48.1</ele></trkpt>
      <trkpt lat="55.666800" lon="13.333300"><ele>48.2</ele></trkpt>
      <trkpt lat="55.666790" lon="13.333380"><ele>48.5</ele></trkpt>
      <trkpt lat="55.666750" lon="13.334630"><ele>52.8</ele></trkpt>
      <trkpt lat="55.666710" lon="13.335880"><ele>56.2</ele></trkpt>
      <trkpt lat="55.666720" lon="13.336030"><ele>56.6</ele></trkpt>
      <trkpt lat="55.666860" lon="13.336710"><ele>58.6</ele></trkpt>
      <trkpt lat="55.666880" lon="13.336920"><ele>59.2</ele></trkpt>
      <trkpt lat="55.666840" lon="13.337810"><ele>61.4</ele></trkpt>
      <trkpt lat="55.666810" lon="13.338710"><ele>64.0</ele></trkpt>
      <trkpt lat="55.666770" lon="13.339950"><ele>68.2</ele></trkpt>
      <trkpt lat="55.666730" lon="13.341200"><ele>71.4</ele></trkpt>
      <trkpt lat="55.666690" lon="13.342440"><ele>74.0</ele></trkpt>
      <trkpt lat="55.666680" lon="13.342500"><ele>74.0</ele></trkpt>
      <trkpt lat="55.666600" lon="13.342710"><ele>74.0</ele></trkpt>
      <trkpt lat="55.666420" lon="13.343000"><ele>73.7</ele></trkpt>
      <trkpt lat="55.666310" lon="13.342930"><ele>73.2</ele></trkpt>
      <trkpt lat="55.666260" lon="13.343110"><ele>73.3</ele></trkpt>
      <trkpt lat="55.666220" lon="13.343230"><ele>73.3</ele></trkpt>
      <trkpt lat="55.666040" lon="13.343590"><ele>73.0</ele></trkpt>
      <trkpt lat="55.665960" lon="13.343750"><ele>72.9</ele></trkpt>
      <trkpt lat="55.665780" lon="13.344140"><ele>72.9</ele></trkpt>
      <trkpt lat="55.665500" lon="13.344860"><ele>73.4</ele></trkpt>
      <trkpt lat="55.665220" lon="13.345330"><ele>73.0</ele></trkpt>
      <trkpt lat="55.665070" lon="13.345560"><ele>72.5</ele></trkpt>
      <trkpt lat="55.664950" lon="13.345660"><ele>72.1</ele></trkpt>
      <trkpt lat="55.664830" lon="13.345720"><ele>71.7</ele></trkpt>
      <trkpt lat="55.664600" lon="13.345790"><ele>71.0</ele></trkpt>
      <trkpt lat="55.664520" lon="13.345830"><ele>70.8</ele></trkpt>
      <trkpt lat="55.664350" lon="13.345980"><ele>70.5</ele></trkpt>
      <trkpt lat="55.664250" lon="13.346100"><ele>70.5</ele></trkpt>
      <trkpt lat="55.664160" lon="13.346200"><ele>70.4</ele></trkpt>
      <trkpt lat="55.664070" lon="13.346230"><ele>70.0</ele></trkpt>
      <trkpt lat="55.663980" lon="13.346250"><ele>69.5</ele></trkpt>
      <trkpt lat="55.663670" lon="13.346270"><ele>67.9</ele></trkpt>
      <trkpt lat="55.663670" lon="13.346760"><ele>68.5</ele></trkpt>
      <trkpt lat="55.663660" lon="13.347080"><ele>68.1</ele></trkpt>
      <trkpt lat="55.663630" lon="13.347540"><ele>67.4</ele></trkpt>
      <trkpt lat="55.663580" lon="13.347830"><ele>66.7</ele></trkpt>
      <trkpt lat="55.663390" lon="13.348730"><ele>65.2</ele></trkpt>
      <trkpt lat="55.663200" lon="13.349640"><ele>64.7</ele></trkpt>
      <trkpt lat="55.663100" lon="13.350160"><ele>64.7</ele></trkpt>
      <trkpt lat="55.663100" lon="13.350210"><ele>64.7</ele></trkpt>
      <trkpt lat="55.662920" lon="13.351430"><ele>64.9</ele></trkpt>
      <trkpt lat="55.662810" lon="13.352330"><ele>64.7</ele></trkpt>
      <trkpt lat="55.662770" lon="13.352840"><ele>64.2</ele></trkpt>
      <trkpt lat="55.662670" lon="13.353650"><ele>63.4</ele></trkpt>
      <trkpt lat="55.662540" lon="13.354720"><ele>63.8</ele></trkpt>
      <trkpt lat="55.662420" lon="13.355790"><ele>63.8</ele></trkpt>
      <trkpt lat="55.662260" lon="13.357190"><ele>63.7</ele></trkpt>
      <trkpt lat="55.662200" lon="13.357820"><ele>63.6</ele></trkpt>
      <trkpt lat="55.662160" lon="13.358000"><ele>63.6</ele></trkpt>
      <trkpt lat="55.662130" lon="13.358110"><ele>63.6</ele></trkpt>
      <trkpt lat="55.662100" lon="13.358150"><ele>63.5</ele></trkpt>
      <trkpt lat="55.662050" lon="13.358200"><ele>63.5</ele></trkpt>
      <trkpt lat="55.662020" lon="13.358290"><ele>63.4</ele></trkpt>
      <trkpt lat="55.662010" lon="13.358400"><ele>63.5</ele></trkpt>
      <trkpt lat="55.662050" lon="13.358570"><ele>63.6</ele></trkpt>
      <trkpt lat="55.662070" lon="13.358710"><ele>63.7</ele></trkpt>
      <trkpt lat="55.662080" lon="13.358840"><ele>63.8</ele></trkpt>
      <trkpt lat="55.662080" lon="13.358990"><ele>63.9</ele></trkpt>
      <trkpt lat="55.662050" lon="13.359190"><ele>64.2</ele></trkpt>
      <trkpt lat="55.661990" lon="13.359750"><ele>65.0</ele></trkpt>
      <trkpt lat="55.661860" lon="13.360830"><ele>66.5</ele></trkpt>
      <trkpt lat="55.661800" lon="13.361240"><ele>67.6</ele></trkpt>
      <trkpt lat="55.661730" lon="13.361650"><ele>68.7</ele></trkpt>
      <trkpt lat="55.661480" lon="13.362850"><ele>71.4</ele></trkpt>
      <trkpt lat="55.661340" lon="13.363390"><ele>72.8</ele></trkpt>
      <trkpt lat="55.661200" lon="13.363880"><ele>73.4</ele></trkpt>
      <trkpt lat="55.660880" lon="13.364920"><ele>74.8</ele></trkpt>
      <trkpt lat="55.660550" lon="13.365950"><ele>74.8</ele></trkpt>
      <trkpt lat="55.660260" lon="13.366900"><ele>74.6</ele></trkpt>
      <trkpt lat="55.659960" lon="13.367850"><ele>74.3</ele></trkpt>
      <trkpt lat="55.659730" lon="13.368560"><ele>74.2</ele></trkpt>
      <trkpt lat="55.659420" lon="13.369590"><ele>75.5</ele></trkpt>
      <trkpt lat="55.659100" lon="13.370620"><ele>77.6</ele></trkpt>
      <trkpt lat="55.659000" lon="13.370920"><ele>77.7</ele></trkpt>
      <trkpt lat="55.658760" lon="13.371710"><ele>78.1</ele></trkpt>
      <trkpt lat="55.658560" lon="13.372450"><ele>79.4</ele></trkpt>
      <trkpt lat="55.658440" lon="13.373060"><ele>80.6</ele></trkpt>
      <trkpt lat="55.658320" lon="13.373920"><ele>82.3</ele></trkpt>
      <trkpt lat="55.658180" lon="13.375470"><ele>84.6</ele></trkpt>
      <trkpt lat="55.658040" lon="13.377030"><ele>86.5</ele></trkpt>
      <trkpt lat="55.657950" lon="13.378170"><ele>87.8</ele></trkpt>
      <trkpt lat="55.657930" lon="13.378820"><ele>89.2</ele></trkpt>
      <trkpt lat="55.657930" lon="13.379550"><ele>91.0</ele></trkpt>
      <trkpt lat="55.657980" lon="13.380340"><ele>92.8</ele></trkpt>
      <trkpt lat="55.658050" lon="13.380900"><ele>94.1</ele></trkpt>
      <trkpt lat="55.658130" lon="13.381450"><ele>95.6</ele></trkpt>
      <trkpt lat="55.658250" lon="13.382080"><ele>97.0</ele></trkpt>
      <trkpt lat="55.658380" lon="13.382610"><ele>98.2</ele></trkpt>
      <trkpt lat="55.658550" lon="13.383200"><ele>99.3</ele></trkpt>
      <trkpt lat="55.658860" lon="13.384240"><ele>96.8</ele></trkpt>
      <trkpt lat="55.659170" lon="13.385270"><ele>97.7</ele></trkpt>
      <trkpt lat="55.659350" lon="13.385970"><ele>96.2</ele></trkpt>
      <trkpt lat="55.659640" lon="13.387210"><ele>99.3</ele></trkpt>
      <trkpt lat="55.659790" lon="13.388140"><ele>104.0</ele></trkpt>
      <trkpt lat="55.659920" lon="13.389040"><ele>106.8</ele></trkpt>
      <trkpt lat="55.660060" lon="13.389930"><ele>107.4</ele></trkpt>
      <trkpt lat="55.660100" lon="13.390240"><ele>107.6</ele></trkpt>
      <trkpt lat="55.660130" lon="13.390610"><ele>107.8</ele></trkpt>
      <trkpt lat="55.660170" lon="13.391140"><ele>107.7</ele></trkpt>
      <trkpt lat="55.660190" lon="13.391620"><ele>107.2</ele></trkpt>
      <trkpt lat="55.660190" lon="13.392350"><ele>107.4</ele></trkpt>
      <trkpt lat="55.660160" lon="13.392910"><ele>107.6</ele></trkpt>
      <trkpt lat="55.660110" lon="13.393540"><ele>107.8</ele></trkpt>
      <trkpt lat="55.659990" lon="13.394400"><ele>107.7</ele></trkpt>
      <trkpt lat="55.659790" lon="13.395390"><ele>106.3</ele></trkpt>
      <trkpt lat="55.659520" lon="13.396340"><ele>104.6</ele></trkpt>
      <trkpt lat="55.659240" lon="13.397300"><ele>104.1</ele></trkpt>
      <trkpt lat="55.658970" lon="13.398250"><ele>103.1</ele></trkpt>
      <trkpt lat="55.658740" lon="13.399090"><ele>101.2</ele></trkpt>
      <trkpt lat="55.658590" lon="13.399750"><ele>100.3</ele></trkpt>
      <trkpt lat="55.658500" lon="13.400210"><ele>99.7</ele></trkpt>
      <trkpt lat="55.658390" lon="13.400880"><ele>98.6</ele></trkpt>
      <trkpt lat="55.658320" lon="13.401410"><ele>96.9</ele></trkpt>
      <trkpt lat="55.658260" lon="13.402090"><ele>96.1</ele></trkpt>
      <trkpt lat="55.658230" lon="13.402600"><ele>96.1</ele></trkpt>
      <trkpt lat="55.658210" lon="13.403270"><ele>96.1</ele></trkpt>
      <trkpt lat="55.658220" lon="13.403910"><ele>94.9</ele></trkpt>
      <trkpt lat="55.658260" lon="13.404660"><ele>93.1</ele></trkpt>
      <trkpt lat="55.658330" lon="13.405700"><ele>92.0</ele></trkpt>
      <trkpt lat="55.658400" lon="13.406750"><ele>91.8</ele></trkpt>
      <trkpt lat="55.658470" lon="13.407710"><ele>91.6</ele></trkpt>
      <trkpt lat="55.658530" lon="13.408660"><ele>90.9</ele></trkpt>
      <trkpt lat="55.658540" lon="13.409040"><ele>90.4</ele></trkpt>
      <trkpt lat="55.658540" lon="13.409500"><ele>89.8</ele></trkpt>
      <trkpt lat="55.658510" lon="13.410100"><ele>88.9</ele></trkpt>
      <trkpt lat="55.658450" lon="13.410640"><ele>87.9</ele></trkpt>
      <trkpt lat="55.658350" lon="13.411270"><ele>86.9</ele></trkpt>
      <trkpt lat="55.658260" lon="13.411630"><ele>86.2</ele></trkpt>
      <trkpt lat="55.658140" lon="13.411920"><ele>85.7</ele></trkpt>
      <trkpt lat="55.658020" lon="13.412130"><ele>85.5</ele></trkpt>
      <trkpt lat="55.657880" lon="13.412290"><ele>85.5</ele></trkpt>
      <trkpt lat="55.657700" lon="13.412390"><ele>85.7</ele></trkpt>
      <trkpt lat="55.657720" lon="13.412660"><ele>85.1</ele></trkpt>
      <trkpt lat="55.657720" lon="13.412800"><ele>84.8</ele></trkpt>
      <trkpt lat="55.657650" lon="13.413100"><ele>84.2</ele></trkpt>
      <trkpt lat="55.657320" lon="13.414230"><ele>83.5</ele></trkpt>
      <trkpt lat="55.657090" lon="13.415200"><ele>81.4</ele></trkpt>
      <trkpt lat="55.657000" lon="13.415610"><ele>80.4</ele></trkpt>
      <trkpt lat="55.656900" lon="13.416100"><ele>79.1</ele></trkpt>
      <trkpt lat="55.656830" lon="13.416660"><ele>77.2</ele></trkpt>
      <trkpt lat="55.656790" lon="13.417260"><ele>76.2</ele></trkpt>
      <trkpt lat="55.656770" lon="13.418550"><ele>73.1</ele></trkpt>
      <trkpt lat="55.656860" lon="13.419070"><ele>70.9</ele></trkpt>
      <trkpt lat="55.656870" lon="13.419190"><ele>70.4</ele></trkpt>
      <trkpt lat="55.656870" lon="13.419310"><ele>70.0</ele></trkpt>
      <trkpt lat="55.656850" lon="13.419450"><ele>69.5</ele></trkpt>
      <trkpt lat="55.656650" lon="13.420250"><ele>67.2</ele></trkpt>
      <trkpt lat="55.656570" lon="13.420460"><ele>67.0</ele></trkpt>
      <trkpt lat="55.656390" lon="13.420800"><ele>66.8</ele></trkpt>
      <trkpt lat="55.656140" lon="13.421240"><ele>65.9</ele></trkpt>
      <trkpt lat="55.655820" lon="13.421750"><ele>64.8</ele></trkpt>
      <trkpt lat="55.655550" lon="13.422140"><ele>64.8</ele></trkpt>
      <trkpt lat="55.655090" lon="13.422710"><ele>64.6</ele></trkpt>
      <trkpt lat="55.655010" lon="13.422830"><ele>64.4</ele></trkpt>
      <trkpt lat="55.654900" lon="13.423090"><ele>63.7</ele></trkpt>
      <trkpt lat="55.654830" lon="13.423330"><ele>63.0</ele></trkpt>
      <trkpt lat="55.654600" lon="13.424170"><ele>62.4</ele></trkpt>
      <trkpt lat="55.654370" lon="13.425000"><ele>61.8</ele></trkpt>
      <trkpt lat="55.654120" lon="13.426020"><ele>62.9</ele></trkpt>
      <trkpt lat="55.654080" lon="13.426280"><ele>62.8</ele></trkpt>
      <trkpt lat="55.654100" lon="13.426700"><ele>62.2</ele></trkpt>
      <trkpt lat="55.653940" lon="13.426740"><ele>62.7</ele></trkpt>
      <trkpt lat="55.653920" lon="13.426770"><ele>62.8</ele></trkpt>
      <trkpt lat="55.653860" lon="13.427240"><ele>62.4</ele></trkpt>
      <trkpt lat="55.653740" lon="13.427970"><ele>61.7</ele></trkpt>
      <trkpt lat="55.653710" lon="13.428260"><ele>61.3</ele></trkpt>
      <trkpt lat="55.653650" lon="13.428950"><ele>60.0</ele></trkpt>
      <trkpt lat="55.653620" lon="13.429500"><ele>58.7</ele></trkpt>
      <trkpt lat="55.653600" lon="13.430100"><ele>57.3</ele></trkpt>
      <trkpt lat="55.653570" lon="13.431620"><ele>55.0</ele></trkpt>
      <trkpt lat="55.653530" lon="13.433130"><ele>54.3</ele></trkpt>
      <trkpt lat="55.653500" lon="13.434640"><ele>50.8</ele></trkpt>
      <trkpt lat="55.653470" lon="13.436180"><ele>48.4</ele></trkpt>
      <trkpt lat="55.653500" lon="13.437630"><ele>46.6</ele></trkpt>
      <trkpt lat="55.653520" lon="13.437880"><ele>46.2</ele></trkpt>
      <trkpt lat="55.653560" lon="13.438070"><ele>45.9</ele></trkpt>
      <trkpt lat="55.653630" lon="13.438250"><ele>45.4</ele></trkpt>
      <trkpt lat="55.653750" lon="13.438460"><ele>45.0</ele></trkpt>
      <trkpt lat="55.653760" lon="13.438550"><ele>45.0</ele></trkpt>
      <trkpt lat="55.653740" lon="13.439000"><ele>45.0</ele></trkpt>
      <trkpt lat="55.653710" lon="13.439140"><ele>45.1</ele></trkpt>
      <trkpt lat="55.653440" lon="13.439660"><ele>45.7</ele></trkpt>
      <trkpt lat="55.653350" lon="13.439900"><ele>46.0</ele></trkpt>
      <trkpt lat="55.653320" lon="13.440080"><ele>45.9</ele></trkpt>
      <trkpt lat="55.653280" lon="13.440400"><ele>45.6</ele></trkpt>
      <trkpt lat="55.653260" lon="13.440720"><ele>45.3</ele></trkpt>
      <trkpt lat="55.653250" lon="13.441250"><ele>44.2</ele></trkpt>
      <trkpt lat="55.653230" lon="13.441810"><ele>43.4</ele></trkpt>
      <trkpt lat="55.653190" lon="13.442290"><ele>43.4</ele></trkpt>
      <trkpt lat="55.653110" lon="13.443000"><ele>43.2</ele></trkpt>
      <trkpt lat="55.652920" lon="13.443990"><ele>43.0</ele></trkpt>
      <trkpt lat="55.652690" lon="13.444800"><ele>43.0</ele></trkpt>
      <trkpt lat="55.652460" lon="13.445610"><ele>42.9</ele></trkpt>
      <trkpt lat="55.652350" lon="13.446060"><ele>43.1</ele></trkpt>
      <trkpt lat="55.652330" lon="13.446280"><ele>43.3</ele></trkpt>
      <trkpt lat="55.652330" lon="13.446540"><ele>43.6</ele></trkpt>
      <trkpt lat="55.652400" lon="13.447280"><ele>42.8</ele></trkpt>
      <trkpt lat="55.652400" lon="13.447650"><ele>42.1</ele></trkpt>
      <trkpt lat="55.652340" lon="13.448150"><ele>41.6</ele></trkpt>
      <trkpt lat="55.652210" lon="13.449030"><ele>40.8</ele></trkpt>
      <trkpt lat="55.652050" lon="13.449900"><ele>41.7</ele></trkpt>
      <trkpt lat="55.651900" lon="13.450770"><ele>41.8</ele></trkpt>
      <trkpt lat="55.651810" lon="13.451290"><ele>41.4</ele></trkpt>
      <trkpt lat="55.651720" lon="13.452510"><ele>40.3</ele></trkpt>
      <trkpt lat="55.651700" lon="13.452840"><ele>40.2</ele></trkpt>
      <trkpt lat="55.651140" lon="13.452400"><ele>42.3</ele></trkpt>
      <trkpt lat="55.650950" lon="13.452280"><ele>42.8</ele></trkpt>
      <trkpt lat="55.650750" lon="13.452220"><ele>43.0</ele></trkpt>
      <trkpt lat="55.650430" lon="13.452150"><ele>43.0</ele></trkpt>
      <trkpt lat="55.650310" lon="13.452170"><ele>43.0</ele></trkpt>
      <trkpt lat="55.650220" lon="13.452240"><ele>43.0</ele></trkpt>
      <trkpt lat="55.650150" lon="13.452340"><ele>43.0</ele></trkpt>
      <trkpt lat="55.650110" lon="13.452490"><ele>43.0</ele></trkpt>
      <trkpt lat="55.650020" lon="13.453160"><ele>43.0</ele></trkpt>
      <trkpt lat="55.649900" lon="13.454150"><ele>41.2</ele></trkpt>
      <trkpt lat="55.649790" lon="13.455000"><ele>39.5</ele></trkpt>
      <trkpt lat="55.649700" lon="13.455920"><ele>37.9</ele></trkpt>
      <trkpt lat="55.649690" lon="13.456260"><ele>37.1</ele></trkpt>
      <trkpt lat="55.649680" lon="13.456990"><ele>35.8</ele></trkpt>
      <trkpt lat="55.649650" lon="13.457260"><ele>35.5</ele></trkpt>
      <trkpt lat="55.649500" lon="13.457680"><ele>35.6</ele></trkpt>
      <trkpt lat="55.649250" lon="13.458280"><ele>35.8</ele></trkpt>
      <trkpt lat="55.648980" lon="13.458970"><ele>34.9</ele></trkpt>
      <trkpt lat="55.648690" lon="13.459660"><ele>34.0</ele></trkpt>
      <trkpt lat="55.648480" lon="13.460130"><ele>33.6</ele></trkpt>
      <trkpt lat="55.648430" lon="13.460180"><ele>33.7</ele></trkpt>
      <trkpt lat="55.648380" lon="13.460200"><ele>33.9</ele></trkpt>
      <trkpt lat="55.648080" lon="13.459310"><ele>36.4</ele></trkpt>
      <trkpt lat="55.647960" lon="13.458890"><ele>37.1</ele></trkpt>
      <trkpt lat="55.647920" lon="13.458700"><ele>37.3</ele></trkpt>
      <trkpt lat="55.647870" lon="13.458560"><ele>37.4</ele></trkpt>
      <trkpt lat="55.647830" lon="13.458520"><ele>37.4</ele></trkpt>
      <trkpt lat="55.647770" lon="13.458480"><ele>37.4</ele></trkpt>
      <trkpt lat="55.647670" lon="13.458460"><ele>37.5</ele></trkpt>
      <trkpt lat="55.647500" lon="13.458470"><ele>37.6</ele></trkpt>
      <trkpt lat="55.647460" lon="13.458480"><ele>37.7</ele></trkpt>
      <trkpt lat="55.647430" lon="13.458510"><ele>37.7</ele></trkpt>
      <trkpt lat="55.647390" lon="13.458600"><ele>37.7</ele></trkpt>
      <trkpt lat="55.647230" lon="13.459490"><ele>38.2</ele></trkpt>
      <trkpt lat="55.647180" lon="13.459690"><ele>38.1</ele></trkpt>
      <trkpt lat="55.647130" lon="13.459770"><ele>38.1</ele></trkpt>
      <trkpt lat="55.647100" lon="13.459780"><ele>38.1</ele></trkpt>
      <trkpt lat="55.647060" lon="13.459780"><ele>38.1</ele></trkpt>
      <trkpt lat="55.646970" lon="13.459720"><ele>38.2</ele></trkpt>
      <trkpt lat="55.646860" lon="13.460190"><ele>38.0</ele></trkpt>
      <trkpt lat="55.646550" lon="13.461580"><ele>37.1</ele></trkpt>
      <trkpt lat="55.646230" lon="13.462970"><ele>36.7</ele></trkpt>
      <trkpt lat="55.645920" lon="13.464360"><ele>37.9</ele></trkpt>
      <trkpt lat="55.645610" lon="13.465750"><ele>39.0</ele></trkpt>
      <trkpt lat="55.645300" lon="13.467150"><ele>40.9</ele></trkpt>
      <trkpt lat="55.644990" lon="13.468550"><ele>42.5</ele></trkpt>
      <trkpt lat="55.644680" lon="13.469920"><ele>39.7</ele></trkpt>
      <trkpt lat="55.644370" lon="13.471290"><ele>38.3</ele></trkpt>
      <trkpt lat="55.644300" lon="13.471550"><ele>37.9</ele></trkpt>
      <trkpt lat="55.644200" lon="13.471780"><ele>37.6</ele></trkpt>
      <trkpt lat="55.643970" lon="13.472240"><ele>36.1</ele></trkpt>
      <trkpt lat="55.643900" lon="13.472440"><ele>35.5</ele></trkpt>
      <trkpt lat="55.643880" lon="13.472540"><ele>35.2</ele></trkpt>
      <trkpt lat="55.643840" lon="13.472860"><ele>34.5</ele></trkpt>
      <trkpt lat="55.643820" lon="13.473020"><ele>34.2</ele></trkpt>
      <trkpt lat="55.643670" lon="13.473690"><ele>33.4</ele></trkpt>
      <trkpt lat="55.643460" lon="13.474780"><ele>33.7</ele></trkpt>
      <trkpt lat="55.643280" lon="13.475650"><ele>34.1</ele></trkpt>
      <trkpt lat="55.643070" lon="13.476580"><ele>33.7</ele></trkpt>
      <trkpt lat="55.642860" lon="13.477520"><ele>34.1</ele></trkpt>
      <trkpt lat="55.642840" lon="13.477640"><ele>34.3</ele></trkpt>
      <trkpt lat="55.642830" lon="13.477840"><ele>34.5</ele></trkpt>
      <trkpt lat="55.642800" lon="13.477990"><ele>34.7</ele></trkpt>
      <trkpt lat="55.642550" lon="13.478820"><ele>35.9</ele></trkpt>
      <trkpt lat="55.642460" lon="13.479110"><ele>36.0</ele></trkpt>
      <trkpt lat="55.642390" lon="13.479260"><ele>36.0</ele></trkpt>
      <trkpt lat="55.642310" lon="13.479410"><ele>36.1</ele></trkpt>
      <trkpt lat="55.642210" lon="13.479600"><ele>36.2</ele></trkpt>
      <trkpt lat="55.642120" lon="13.479900"><ele>36.4</ele></trkpt>
      <trkpt lat="55.642010" lon="13.480160"><ele>36.5</ele></trkpt>
      <trkpt lat="55.641810" lon="13.480560"><ele>36.7</ele></trkpt>
      <trkpt lat="55.641430" lon="13.481390"><ele>38.0</ele></trkpt>
      <trkpt lat="55.641040" lon="13.482220"><ele>38.1</ele></trkpt>
      <trkpt lat="55.640570" lon="13.483200"><ele>36.4</ele></trkpt>
      <trkpt lat="55.640100" lon="13.484190"><ele>35.9</ele></trkpt>
      <trkpt lat="55.639990" lon="13.484380"><ele>35.7</ele></trkpt>
      <trkpt lat="55.639590" lon="13.485190"><ele>36.0</ele></trkpt>
      <trkpt lat="55.639180" lon="13.486000"><ele>37.2</ele></trkpt>
      <trkpt lat="55.638780" lon="13.486810"><ele>37.8</ele></trkpt>
      <trkpt lat="55.638700" lon="13.486940"><ele>38.0</ele></trkpt>
      <trkpt lat="55.638520" lon="13.487300"><ele>38.6</ele></trkpt>
      <trkpt lat="55.638400" lon="13.487510"><ele>39.0</ele></trkpt>
      <trkpt lat="55.638140" lon="13.487880"><ele>39.9</ele></trkpt>
      <trkpt lat="55.637880" lon="13.488190"><ele>40.0</ele></trkpt>
      <trkpt lat="55.637200" lon="13.488900"><ele>38.6</ele></trkpt>
      <trkpt lat="55.636620" lon="13.489440"><ele>37.7</ele></trkpt>
      <trkpt lat="55.636040" lon="13.489990"><ele>37.8</ele></trkpt>
      <trkpt lat="55.635780" lon="13.490190"><ele>37.7</ele></trkpt>
      <trkpt lat="55.635420" lon="13.490400"><ele>37.0</ele></trkpt>
      <trkpt lat="55.635260" lon="13.490480"><ele>36.7</ele></trkpt>
      <trkpt lat="55.635150" lon="13.490510"><ele>36.6</ele></trkpt>
      <trkpt lat="55.635100" lon="13.490500"><ele>36.5</ele></trkpt>
      <trkpt lat="55.634990" lon="13.490650"><ele>36.2</ele></trkpt>
      <trkpt lat="55.634920" lon="13.490780"><ele>36.0</ele></trkpt>
      <trkpt lat="55.634680" lon="13.491120"><ele>35.2</ele></trkpt>
      <trkpt lat="55.634260" lon="13.491770"><ele>35.0</ele></trkpt>
      <trkpt lat="55.633840" lon="13.492410"><ele>36.7</ele></trkpt>
      <trkpt lat="55.633800" lon="13.492450"><ele>36.8</ele></trkpt>
      <trkpt lat="55.633690" lon="13.492610"><ele>37.3</ele></trkpt>
      <trkpt lat="55.633690" lon="13.492650"><ele>37.4</ele></trkpt>
      <trkpt lat="55.633680" lon="13.492680"><ele>37.5</ele></trkpt>
      <trkpt lat="55.633460" lon="13.493030"><ele>38.4</ele></trkpt>
      <trkpt lat="55.633420" lon="13.493070"><ele>38.5</ele></trkpt>
      <trkpt lat="55.633390" lon="13.493190"><ele>38.7</ele></trkpt>
      <trkpt lat="55.633320" lon="13.493370"><ele>39.0</ele></trkpt>
      <trkpt lat="55.633260" lon="13.493540"><ele>39.1</ele></trkpt>
      <trkpt lat="55.633150" lon="13.494070"><ele>39.2</ele></trkpt>
      <trkpt lat="55.632870" lon="13.495570"><ele>39.6</ele></trkpt>
      <trkpt lat="55.632600" lon="13.497060"><ele>39.9</ele></trkpt>
      <trkpt lat="55.632520" lon="13.497410"><ele>40.0</ele></trkpt>
      <trkpt lat="55.632330" lon="13.498240"><ele>40.5</ele></trkpt>
      <trkpt lat="55.632130" lon="13.499070"><ele>40.1</ele></trkpt>
      <trkpt lat="55.631920" lon="13.500090"><ele>39.5</ele></trkpt>
      <trkpt lat="55.631700" lon="13.501120"><ele>37.8</ele></trkpt>
      <trkpt lat="55.631790" lon="13.501190"><ele>38.0</ele></trkpt>
      <trkpt lat="55.631590" lon="13.502160"><ele>37.2</ele></trkpt>
      <trkpt lat="55.631380" lon="13.503140"><ele>38.2</ele></trkpt>
      <trkpt lat="55.631110" lon="13.504330"><ele>38.8</ele></trkpt>
      <trkpt lat="55.630840" lon="13.505520"><ele>40.0</ele></trkpt>
      <trkpt lat="55.630570" lon="13.506710"><ele>41.0</ele></trkpt>
      <trkpt lat="55.630320" lon="13.507930"><ele>40.8</ele></trkpt>
      <trkpt lat="55.630300" lon="13.508100"><ele>40.7</ele></trkpt>
      <trkpt lat="55.630300" lon="13.508180"><ele>40.7</ele></trkpt>
      <trkpt lat="55.630290" lon="13.508280"><ele>40.7</ele></trkpt>
      <trkpt lat="55.630260" lon="13.508330"><ele>40.7</ele></trkpt>
      <trkpt lat="55.630220" lon="13.508550"><ele>40.9</ele></trkpt>
      <trkpt lat="55.630230" lon="13.508580"><ele>40.9</ele></trkpt>
      <trkpt lat="55.630100" lon="13.508510"><ele>41.1</ele></trkpt>
      <trkpt lat="55.629970" lon="13.509290"><ele>42.1</ele></trkpt>
      <trkpt lat="55.629970" lon="13.509440"><ele>42.3</ele></trkpt>
      <trkpt lat="55.629910" lon="13.509850"><ele>42.7</ele></trkpt>
      <trkpt lat="55.629840" lon="13.510510"><ele>42.8</ele></trkpt>
      <trkpt lat="55.629790" lon="13.511040"><ele>42.8</ele></trkpt>
      <trkpt lat="55.629730" lon="13.511800"><ele>42.8</ele></trkpt>
      <trkpt lat="55.629710" lon="13.512140"><ele>42.4</ele></trkpt>
      <trkpt lat="55.629670" lon="13.512940"><ele>41.5</ele></trkpt>
      <trkpt lat="55.629660" lon="13.513030"><ele>41.4</ele></trkpt>
      <trkpt lat="55.629630" lon="13.513130"><ele>41.2</ele></trkpt>
      <trkpt lat="55.629620" lon="13.513190"><ele>41.2</ele></trkpt>
      <trkpt lat="55.629620" lon="13.513260"><ele>41.1</ele></trkpt>
      <trkpt lat="55.629650" lon="13.513360"><ele>41.0</ele></trkpt>
      <trkpt lat="55.629660" lon="13.513440"><ele>40.9</ele></trkpt>
      <trkpt lat="55.629660" lon="13.513950"><ele>40.6</ele></trkpt>
      <trkpt lat="55.629660" lon="13.515360"><ele>38.3</ele></trkpt>
      <trkpt lat="55.629650" lon="13.516770"><ele>34.5</ele></trkpt>
      <trkpt lat="55.629650" lon="13.518120"><ele>33.5</ele></trkpt>
      <trkpt lat="55.629650" lon="13.519460"><ele>36.3</ele></trkpt>
      <trkpt lat="55.629660" lon="13.520810"><ele>38.2</ele></trkpt>
      <trkpt lat="55.629660" lon="13.522160"><ele>37.2</ele></trkpt>
      <trkpt lat="55.629640" lon="13.522310"><ele>37.3</ele></trkpt>
      <trkpt lat="55.629590" lon="13.522570"><ele>37.5</ele></trkpt>
      <trkpt lat="55.629510" lon="13.522780"><ele>37.8</ele></trkpt>
      <trkpt lat="55.629390" lon="13.522980"><ele>38.2</ele></trkpt>
      <trkpt lat="55.629200" lon="13.523190"><ele>38.9</ele></trkpt>
      <trkpt lat="55.629070" lon="13.523360"><ele>38.9</ele></trkpt>
      <trkpt lat="55.628990" lon="13.523500"><ele>38.8</ele></trkpt>
      <trkpt lat="55.628940" lon="13.523620"><ele>38.7</ele></trkpt>
      <trkpt lat="55.628880" lon="13.523790"><ele>38.7</ele></trkpt>
      <trkpt lat="55.628530" lon="13.524830"><ele>38.8</ele></trkpt>
      <trkpt lat="55.628180" lon="13.525870"><ele>41.3</ele></trkpt>
      <trkpt lat="55.627870" lon="13.526800"><ele>44.1</ele></trkpt>
      <trkpt lat="55.627550" lon="13.527740"><ele>45.2</ele></trkpt>
      <trkpt lat="55.627240" lon="13.528670"><ele>45.9</ele></trkpt>
      <trkpt lat="55.626890" lon="13.529600"><ele>44.9</ele></trkpt>
      <trkpt lat="55.626540" lon="13.530540"><ele>43.7</ele></trkpt>
      <trkpt lat="55.626200" lon="13.531260"><ele>42.3</ele></trkpt>
      <trkpt lat="55.625980" lon="13.531650"><ele>40.7</ele></trkpt>
      <trkpt lat="55.625500" lon="13.532590"><ele>39.6</ele></trkpt>
      <trkpt lat="55.625180" lon="13.533250"><ele>38.7</ele></trkpt>
      <trkpt lat="55.624860" lon="13.533950"><ele>39.0</ele></trkpt>
      <trkpt lat="55.624540" lon="13.534640"><ele>41.9</ele></trkpt>
      <trkpt lat="55.624060" lon="13.535830"><ele>47.8</ele></trkpt>
      <trkpt lat="55.623730" lon="13.536900"><ele>52.0</ele></trkpt>
      <trkpt lat="55.623330" lon="13.538310"><ele>52.1</ele></trkpt>
      <trkpt lat="55.622930" lon="13.539730"><ele>48.2</ele></trkpt>
      <trkpt lat="55.622870" lon="13.539970"><ele>47.9</ele></trkpt>
      <trkpt lat="55.622850" lon="13.540100"><ele>47.7</ele></trkpt>
      <trkpt lat="55.622480" lon="13.541410"><ele>46.7</ele></trkpt>
      <trkpt lat="55.622240" lon="13.542120"><ele>47.9</ele></trkpt>
      <trkpt lat="55.621980" lon="13.543010"><ele>49.7</ele></trkpt>
      <trkpt lat="55.621480" lon="13.544260"><ele>51.1</ele></trkpt>
      <trkpt lat="55.621340" lon="13.544690"><ele>50.8</ele></trkpt>
      <trkpt lat="55.621100" lon="13.545250"><ele>50.7</ele></trkpt>
      <trkpt lat="55.620600" lon="13.546390"><ele>49.3</ele></trkpt>
      <trkpt lat="55.620100" lon="13.547530"><ele>49.1</ele></trkpt>
      <trkpt lat="55.619600" lon="13.548680"><ele>49.7</ele></trkpt>
      <trkpt lat="55.619490" lon="13.548870"><ele>50.1</ele></trkpt>
      <trkpt lat="55.619390" lon="13.549080"><ele>50.4</ele></trkpt>
      <trkpt lat="55.619310" lon="13.549330"><ele>50.7</ele></trkpt>
      <trkpt lat="55.619210" lon="13.549570"><ele>50.9</ele></trkpt>
      <trkpt lat="55.618820" lon="13.550460"><ele>53.0</ele></trkpt>
      <trkpt lat="55.618430" lon="13.551350"><ele>54.2</ele></trkpt>
      <trkpt lat="55.618040" lon="13.552200"><ele>55.5</ele></trkpt>
      <trkpt lat="55.617760" lon="13.552720"><ele>56.6</ele></trkpt>
      <trkpt lat="55.617520" lon="13.553120"><ele>57.7</ele></trkpt>
      <trkpt lat="55.617010" lon="13.553940"><ele>58.0</ele></trkpt>
      <trkpt lat="55.616490" lon="13.554770"><ele>58.2</ele></trkpt>
      <trkpt lat="55.616030" lon="13.555550"><ele>60.3</ele></trkpt>
      <trkpt lat="55.615860" lon="13.555840"><ele>60.9</ele></trkpt>
      <trkpt lat="55.615710" lon="13.556130"><ele>60.6</ele></trkpt>
      <trkpt lat="55.615410" lon="13.556640"><ele>60.1</ele></trkpt>
      <trkpt lat="55.615180" lon="13.557100"><ele>59.5</ele></trkpt>
      <trkpt lat="55.615080" lon="13.557400"><ele>59.0</ele></trkpt>
      <trkpt lat="55.614800" lon="13.558030"><ele>58.1</ele></trkpt>
      <trkpt lat="55.614530" lon="13.558670"><ele>58.7</ele></trkpt>
      <trkpt lat="55.614030" lon="13.559850"><ele>61.0</ele></trkpt>
      <trkpt lat="55.613540" lon="13.561020"><ele>59.2</ele></trkpt>
      <trkpt lat="55.613050" lon="13.562190"><ele>58.1</ele></trkpt>
      <trkpt lat="55.612560" lon="13.563360"><ele>57.6</ele></trkpt>
      <trkpt lat="55.612120" lon="13.564380"><ele>53.5</ele></trkpt>
      <trkpt lat="55.612110" lon="13.564430"><ele>53.3</ele></trkpt>
      <trkpt lat="55.612110" lon="13.564470"><ele>53.1</ele></trkpt>
      <trkpt lat="55.612140" lon="13.564540"><ele>52.8</ele></trkpt>
      <trkpt lat="55.611600" lon="13.565680"><ele>47.8</ele></trkpt>
      <trkpt lat="55.611010" lon="13.566800"><ele>43.6</ele></trkpt>
      <trkpt lat="55.610590" lon="13.567580"><ele>43.9</ele></trkpt>
      <trkpt lat="55.610180" lon="13.568350"><ele>44.8</ele></trkpt>
      <trkpt lat="55.609770" lon="13.569120"><ele>46.8</ele></trkpt>
      <trkpt lat="55.609380" lon="13.569890"><ele>47.8</ele></trkpt>
      <trkpt lat="55.609210" lon="13.570260"><ele>48.3</ele></trkpt>
      <trkpt lat="55.608920" lon="13.570960"><ele>49.3</ele></trkpt>
      <trkpt lat="55.608640" lon="13.571660"><ele>50.4</ele></trkpt>
      <trkpt lat="55.608380" lon="13.572390"><ele>51.8</ele></trkpt>
      <trkpt lat="55.608090" lon="13.573260"><ele>53.1</ele></trkpt>
      <trkpt lat="55.607800" lon="13.574140"><ele>51.9</ele></trkpt>
      <trkpt lat="55.607380" lon="13.575430"><ele>47.8</ele></trkpt>
      <trkpt lat="55.607100" lon="13.576550"><ele>46.5</ele></trkpt>
      <trkpt lat="55.606880" lon="13.577610"><ele>47.1</ele></trkpt>
      <trkpt lat="55.606630" lon="13.578870"><ele>47.0</ele></trkpt>
      <trkpt lat="55.606380" lon="13.580130"><ele>46.2</ele></trkpt>
      <trkpt lat="55.606130" lon="13.581390"><ele>45.1</ele></trkpt>
      <trkpt lat="55.606000" lon="13.581980"><ele>45.0</ele></trkpt>
      <trkpt lat="55.605820" lon="13.582630"><ele>45.0</ele></trkpt>
      <trkpt lat="55.605620" lon="13.583220"><ele>45.0</ele></trkpt>
      <trkpt lat="55.605450" lon="13.583620"><ele>45.0</ele></trkpt>
      <trkpt lat="55.605240" lon="13.584100"><ele>45.0</ele></trkpt>
      <trkpt lat="55.604960" lon="13.584620"><ele>45.0</ele></trkpt>
      <trkpt lat="55.604440" lon="13.585550"><ele>45.0</ele></trkpt>
      <trkpt lat="55.603920" lon="13.586470"><ele>44.8</ele></trkpt>
      <trkpt lat="55.603400" lon="13.587400"><ele>45.0</ele></trkpt>
      <trkpt lat="55.602880" lon="13.588320"><ele>44.1</ele></trkpt>
      <trkpt lat="55.602350" lon="13.589250"><ele>44.1</ele></trkpt>
      <trkpt lat="55.601770" lon="13.590270"><ele>43.0</ele></trkpt>
      <trkpt lat="55.601190" lon="13.591300"><ele>41.9</ele></trkpt>
      <trkpt lat="55.600610" lon="13.592330"><ele>40.7</ele></trkpt>
      <trkpt lat="55.600030" lon="13.593360"><ele>40.0</ele></trkpt>
      <trkpt lat="55.599700" lon="13.593930"><ele>40.0</ele></trkpt>
      <trkpt lat="55.599300" lon="13.594540"><ele>40.0</ele></trkpt>
      <trkpt lat="55.598700" lon="13.595360"><ele>40.0</ele></trkpt>
      <trkpt lat="55.598140" lon="13.596020"><ele>40.6</ele></trkpt>
      <trkpt lat="55.597620" lon="13.596570"><ele>41.8</ele></trkpt>
      <trkpt lat="55.596870" lon="13.597230"><ele>43.8</ele></trkpt>
      <trkpt lat="55.596410" lon="13.597590"><ele>44.5</ele></trkpt>
      <trkpt lat="55.595570" lon="13.598130"><ele>44.4</ele></trkpt>
      <trkpt lat="55.594730" lon="13.598670"><ele>44.4</ele></trkpt>
      <trkpt lat="55.593900" lon="13.599220"><ele>44.5</ele></trkpt>
      <trkpt lat="55.593080" lon="13.599760"><ele>45.7</ele></trkpt>
      <trkpt lat="55.592260" lon="13.600300"><ele>46.2</ele></trkpt>
      <trkpt lat="55.591430" lon="13.600830"><ele>47.3</ele></trkpt>
      <trkpt lat="55.590610" lon="13.601370"><ele>47.6</ele></trkpt>
      <trkpt lat="55.589790" lon="13.601910"><ele>48.9</ele></trkpt>
      <trkpt lat="55.588970" lon="13.602450"><ele>50.5</ele></trkpt>
      <trkpt lat="55.588150" lon="13.602990"><ele>54.0</ele></trkpt>
      <trkpt lat="55.587330" lon="13.603530"><ele>50.4</ele></trkpt>
      <trkpt lat="55.586960" lon="13.603780"><ele>47.7</ele></trkpt>
      <trkpt lat="55.586440" lon="13.604190"><ele>46.3</ele></trkpt>
      <trkpt lat="55.585930" lon="13.604660"><ele>46.4</ele></trkpt>
      <trkpt lat="55.585200" lon="13.605380"><ele>45.1</ele></trkpt>
      <trkpt lat="55.584470" lon="13.606100"><ele>45.5</ele></trkpt>
      <trkpt lat="55.583750" lon="13.606810"><ele>46.9</ele></trkpt>
      <trkpt lat="55.583020" lon="13.607530"><ele>47.7</ele></trkpt>
      <trkpt lat="55.582290" lon="13.608250"><ele>49.1</ele></trkpt>
      <trkpt lat="55.581600" lon="13.608910"><ele>47.5</ele></trkpt>
      <trkpt lat="55.581640" lon="13.608970"><ele>47.4</ele></trkpt>
      <trkpt lat="55.581630" lon="13.609040"><ele>47.3</ele></trkpt>
      <trkpt lat="55.581570" lon="13.609150"><ele>46.9</ele></trkpt>
      <trkpt lat="55.581550" lon="13.609300"><ele>46.4</ele></trkpt>
      <trkpt lat="55.581890" lon="13.610600"><ele>43.6</ele></trkpt>
      <trkpt lat="55.582230" lon="13.611900"><ele>41.1</ele></trkpt>
      <trkpt lat="55.582570" lon="13.613200"><ele>40.1</ele></trkpt>
      <trkpt lat="55.582900" lon="13.614500"><ele>39.7</ele></trkpt>
      <trkpt lat="55.583240" lon="13.615800"><ele>39.2</ele></trkpt>
      <trkpt lat="55.583580" lon="13.617100"><ele>38.3</ele></trkpt>
      <trkpt lat="55.583920" lon="13.618400"><ele>38.3</ele></trkpt>
      <trkpt lat="55.584260" lon="13.619700"><ele>38.9</ele></trkpt>
      <trkpt lat="55.584600" lon="13.621000"><ele>44.4</ele></trkpt>
      <trkpt lat="55.584660" lon="13.621420"><ele>47.0</ele></trkpt>
      <trkpt lat="55.584970" lon="13.622650"><ele>51.9</ele></trkpt>
      <trkpt lat="55.585290" lon="13.623890"><ele>51.5</ele></trkpt>
      <trkpt lat="55.585590" lon="13.625160"><ele>47.3</ele></trkpt>
      <trkpt lat="55.585690" lon="13.625630"><ele>45.2</ele></trkpt>
      <trkpt lat="55.585810" lon="13.626030"><ele>42.6</ele></trkpt>
      <trkpt lat="55.586030" lon="13.627110"><ele>39.8</ele></trkpt>
      <trkpt lat="55.586250" lon="13.628190"><ele>39.9</ele></trkpt>
      <trkpt lat="55.586460" lon="13.629270"><ele>39.4</ele></trkpt>
      <trkpt lat="55.586730" lon="13.630640"><ele>37.9</ele></trkpt>
      <trkpt lat="55.587000" lon="13.632020"><ele>37.4</ele></trkpt>
      <trkpt lat="55.587270" lon="13.633390"><ele>38.0</ele></trkpt>
      <trkpt lat="55.587540" lon="13.634760"><ele>38.7</ele></trkpt>
      <trkpt lat="55.587810" lon="13.636130"><ele>39.4</ele></trkpt>
      <trkpt lat="55.587880" lon="13.636580"><ele>39.9</ele></trkpt>
      <trkpt lat="55.588110" lon="13.637790"><ele>41.7</ele></trkpt>
      <trkpt lat="55.588140" lon="13.637940"><ele>42.1</ele></trkpt>
      <trkpt lat="55.588180" lon="13.638000"><ele>42.2</ele></trkpt>
      <trkpt lat="55.588190" lon="13.638030"><ele>42.3</ele></trkpt>
      <trkpt lat="55.588330" lon="13.638730"><ele>42.5</ele></trkpt>
      <trkpt lat="55.588460" lon="13.639200"><ele>42.6</ele></trkpt>
      <trkpt lat="55.588700" lon="13.640370"><ele>42.6</ele></trkpt>
      <trkpt lat="55.588940" lon="13.641550"><ele>42.8</ele></trkpt>
      <trkpt lat="55.589170" lon="13.642730"><ele>42.7</ele></trkpt>
      <trkpt lat="55.589460" lon="13.644190"><ele>42.4</ele></trkpt>
      <trkpt lat="55.589740" lon="13.645640"><ele>42.9</ele></trkpt>
      <trkpt lat="55.590020" lon="13.647100"><ele>42.6</ele></trkpt>
      <trkpt lat="55.590060" lon="13.647750"><ele>43.5</ele></trkpt>
      <trkpt lat="55.589870" lon="13.648830"><ele>43.8</ele></trkpt>
      <trkpt lat="55.589690" lon="13.649910"><ele>43.6</ele></trkpt>
      <trkpt lat="55.589500" lon="13.650990"><ele>43.3</ele></trkpt>
      <trkpt lat="55.589470" lon="13.651260"><ele>43.2</ele></trkpt>
      <trkpt lat="55.589430" lon="13.651930"><ele>42.7</ele></trkpt>
      <trkpt lat="55.589410" lon="13.652440"><ele>42.4</ele></trkpt>
      <trkpt lat="55.589390" lon="13.653990"><ele>41.5</ele></trkpt>
      <trkpt lat="55.589400" lon="13.654180"><ele>41.4</ele></trkpt>
      <trkpt lat="55.589570" lon="13.655470"><ele>40.0</ele></trkpt>
      <trkpt lat="55.589730" lon="13.656580"><ele>40.0</ele></trkpt>
      <trkpt lat="55.589900" lon="13.657700"><ele>40.4</ele></trkpt>
      <trkpt lat="55.590060" lon="13.658810"><ele>40.4</ele></trkpt>
      <trkpt lat="55.590140" lon="13.659460"><ele>39.5</ele></trkpt>
      <trkpt lat="55.590180" lon="13.659600"><ele>39.3</ele></trkpt>
      <trkpt lat="55.590200" lon="13.659740"><ele>39.1</ele></trkpt>
      <trkpt lat="55.590210" lon="13.659830"><ele>39.0</ele></trkpt>
      <trkpt lat="55.590090" lon="13.661290"><ele>39.6</ele></trkpt>
      <trkpt lat="55.590030" lon="13.661620"><ele>40.0</ele></trkpt>
      <trkpt lat="55.589940" lon="13.662760"><ele>40.4</ele></trkpt>
      <trkpt lat="55.589850" lon="13.663900"><ele>40.7</ele></trkpt>
      <trkpt lat="55.589860" lon="13.664070"><ele>40.7</ele></trkpt>
      <trkpt lat="55.589840" lon="13.664250"><ele>40.7</ele></trkpt>
      <trkpt lat="55.589780" lon="13.664740"><ele>40.8</ele></trkpt>
      <trkpt lat="55.589770" lon="13.665020"><ele>40.9</ele></trkpt>
      <trkpt lat="55.589730" lon="13.665320"><ele>40.7</ele></trkpt>
      <trkpt lat="55.589680" lon="13.665510"><ele>40.5</ele></trkpt>
      <trkpt lat="55.589620" lon="13.666220"><ele>40.0</ele></trkpt>
      <trkpt lat="55.589600" lon="13.666460"><ele>39.7</ele></trkpt>
      <trkpt lat="55.589560" lon="13.666700"><ele>39.4</ele></trkpt>
      <trkpt lat="55.589510" lon="13.666720"><ele>39.2</ele></trkpt>
      <trkpt lat="55.589330" lon="13.667410"><ele>39.8</ele></trkpt>
      <trkpt lat="55.589100" lon="13.668020"><ele>40.4</ele></trkpt>
      <trkpt lat="55.588570" lon="13.669100"><ele>41.4</ele></trkpt>
      <trkpt lat="55.588320" lon="13.669700"><ele>42.5</ele></trkpt>
      <trkpt lat="55.588170" lon="13.670100"><ele>44.3</ele></trkpt>
      <trkpt lat="55.588060" lon="13.670350"><ele>45.5</ele></trkpt>
      <trkpt lat="55.587970" lon="13.670470"><ele>45.8</ele></trkpt>
      <trkpt lat="55.587800" lon="13.670600"><ele>45.7</ele></trkpt>
      <trkpt lat="55.587240" lon="13.670840"><ele>43.8</ele></trkpt>
      <trkpt lat="55.586790" lon="13.671190"><ele>42.5</ele></trkpt>
      <trkpt lat="55.586370" lon="13.671540"><ele>41.4</ele></trkpt>
      <trkpt lat="55.586220" lon="13.671630"><ele>40.8</ele></trkpt>
      <trkpt lat="55.585950" lon="13.671670"><ele>39.6</ele></trkpt>
      <trkpt lat="55.585430" lon="13.671640"><ele>40.4</ele></trkpt>
      <trkpt lat="55.585330" lon="13.671650"><ele>40.8</ele></trkpt>
      <trkpt lat="55.585210" lon="13.671730"><ele>41.3</ele></trkpt>
      <trkpt lat="55.585100" lon="13.671880"><ele>41.7</ele></trkpt>
      <trkpt lat="55.585010" lon="13.672090"><ele>42.0</ele></trkpt>
      <trkpt lat="55.584740" lon="13.673330"><ele>40.4</ele></trkpt>
      <trkpt lat="55.584650" lon="13.674180"><ele>39.6</ele></trkpt>
      <trkpt lat="55.584560" lon="13.675020"><ele>39.0</ele></trkpt>
      <trkpt lat="55.584490" lon="13.675980"><ele>39.5</ele></trkpt>
      <trkpt lat="55.584410" lon="13.676940"><ele>40.2</ele></trkpt>
      <trkpt lat="55.584340" lon="13.677430"><ele>40.9</ele></trkpt>
      <trkpt lat="55.584220" lon="13.677920"><ele>41.4</ele></trkpt>
      <trkpt lat="55.584060" lon="13.678390"><ele>42.8</ele></trkpt>
      <trkpt lat="55.583650" lon="13.679470"><ele>45.4</ele></trkpt>
      <trkpt lat="55.583520" lon="13.679870"><ele>45.6</ele></trkpt>
      <trkpt lat="55.583360" lon="13.680480"><ele>46.0</ele></trkpt>
      <trkpt lat="55.583180" lon="13.681290"><ele>46.0</ele></trkpt>
      <trkpt lat="55.582910" lon="13.682650"><ele>47.1</ele></trkpt>
      <trkpt lat="55.582660" lon="13.683840"><ele>50.3</ele></trkpt>
      <trkpt lat="55.582410" lon="13.685030"><ele>50.3</ele></trkpt>
      <trkpt lat="55.582230" lon="13.685860"><ele>51.0</ele></trkpt>
      <trkpt lat="55.582180" lon="13.686140"><ele>51.0</ele></trkpt>
      <trkpt lat="55.582090" lon="13.687000"><ele>50.0</ele></trkpt>
      <trkpt lat="55.582030" lon="13.687690"><ele>47.9</ele></trkpt>
      <trkpt lat="55.581990" lon="13.688300"><ele>45.7</ele></trkpt>
      <trkpt lat="55.582010" lon="13.689010"><ele>46.1</ele></trkpt>
      <trkpt lat="55.581280" lon="13.689340"><ele>43.6</ele></trkpt>
      <trkpt lat="55.580540" lon="13.689670"><ele>40.1</ele></trkpt>
      <trkpt lat="55.580070" lon="13.689980"><ele>40.9</ele></trkpt>
      <trkpt lat="55.579640" lon="13.690380"><ele>40.8</ele></trkpt>
      <trkpt lat="55.579240" lon="13.690830"><ele>41.0</ele></trkpt>
      <trkpt lat="55.578890" lon="13.691330"><ele>40.5</ele></trkpt>
      <trkpt lat="55.578550" lon="13.691940"><ele>39.2</ele></trkpt>
      <trkpt lat="55.578210" lon="13.692560"><ele>39.3</ele></trkpt>
      <trkpt lat="55.577850" lon="13.693070"><ele>41.3</ele></trkpt>
      <trkpt lat="55.577400" lon="13.693550"><ele>43.2</ele></trkpt>
      <trkpt lat="55.576640" lon="13.694050"><ele>44.2</ele></trkpt>
      <trkpt lat="55.575890" lon="13.694560"><ele>44.0</ele></trkpt>
      <trkpt lat="55.575400" lon="13.695230"><ele>41.5</ele></trkpt>
      <trkpt lat="55.574910" lon="13.695900"><ele>41.0</ele></trkpt>
      <trkpt lat="55.574340" lon="13.696940"><ele>42.3</ele></trkpt>
      <trkpt lat="55.573780" lon="13.697980"><ele>44.4</ele></trkpt>
      <trkpt lat="55.573420" lon="13.698480"><ele>45.8</ele></trkpt>
      <trkpt lat="55.573050" lon="13.698980"><ele>45.1</ele></trkpt>
      <trkpt lat="55.572530" lon="13.699700"><ele>45.0</ele></trkpt>
      <trkpt lat="55.572000" lon="13.700410"><ele>49.2</ele></trkpt>
      <trkpt lat="55.571740" lon="13.700700"><ele>51.4</ele></trkpt>
      <trkpt lat="55.571190" lon="13.701360"><ele>53.1</ele></trkpt>
      <trkpt lat="55.570640" lon="13.702020"><ele>53.0</ele></trkpt>
      <trkpt lat="55.570100" lon="13.702670"><ele>52.5</ele></trkpt>
      <trkpt lat="55.569550" lon="13.703350"><ele>50.9</ele></trkpt>
      <trkpt lat="55.569000" lon="13.704020"><ele>49.7</ele></trkpt>
      <trkpt lat="55.568450" lon="13.704690"><ele>47.4</ele></trkpt>
      <trkpt lat="55.568190" lon="13.705180"><ele>46.9</ele></trkpt>
      <trkpt lat="55.567620" lon="13.706400"><ele>47.8</ele></trkpt>
      <trkpt lat="55.567050" lon="13.707610"><ele>47.6</ele></trkpt>
      <trkpt lat="55.566420" lon="13.708730"><ele>47.0</ele></trkpt>
      <trkpt lat="55.565790" lon="13.709860"><ele>48.9</ele></trkpt>
      <trkpt lat="55.565300" lon="13.710380"><ele>47.8</ele></trkpt>
      <trkpt lat="55.564810" lon="13.710920"><ele>46.7</ele></trkpt>
      <trkpt lat="55.564340" lon="13.711290"><ele>48.5</ele></trkpt>
      <trkpt lat="55.563820" lon="13.711770"><ele>48.7</ele></trkpt>
      <trkpt lat="55.563290" lon="13.712250"><ele>46.7</ele></trkpt>
      <trkpt lat="55.562710" lon="13.711880"><ele>45.1</ele></trkpt>
      <trkpt lat="55.562130" lon="13.711520"><ele>45.0</ele></trkpt>
      <trkpt lat="55.561440" lon="13.711220"><ele>47.5</ele></trkpt>
      <trkpt lat="55.561070" lon="13.711200"><ele>47.3</ele></trkpt>
      <trkpt lat="55.560410" lon="13.711200"><ele>44.2</ele></trkpt>
      <trkpt lat="55.560080" lon="13.711270"><ele>42.0</ele></trkpt>
      <trkpt lat="55.559760" lon="13.711360"><ele>41.1</ele></trkpt>
      <trkpt lat="55.559440" lon="13.711470"><ele>40.4</ele></trkpt>
      <trkpt lat="55.558990" lon="13.711720"><ele>40.5</ele></trkpt>
      <trkpt lat="55.558530" lon="13.711960"><ele>42.1</ele></trkpt>
      <trkpt lat="55.557960" lon="13.712270"><ele>43.3</ele></trkpt>
      <trkpt lat="55.557300" lon="13.712740"><ele>44.0</ele></trkpt>
      <trkpt lat="55.556650" lon="13.713210"><ele>43.9</ele></trkpt>
      <trkpt lat="55.556030" lon="13.713740"><ele>44.1</ele></trkpt>
      <trkpt lat="55.555400" lon="13.714280"><ele>46.8</ele></trkpt>
      <trkpt lat="55.554680" lon="13.714840"><ele>48.5</ele></trkpt>
      <trkpt lat="55.554010" lon="13.715380"><ele>47.3</ele></trkpt>
      <trkpt lat="55.553350" lon="13.715920"><ele>49.2</ele></trkpt>
      <trkpt lat="55.552690" lon="13.716460"><ele>49.0</ele></trkpt>
      <trkpt lat="55.552560" lon="13.716530"><ele>48.8</ele></trkpt>
      <trkpt lat="55.552490" lon="13.716530"><ele>48.6</ele></trkpt>
      <trkpt lat="55.552370" lon="13.716440"><ele>47.0</ele></trkpt>
      <trkpt lat="55.552310" lon="13.716310"><ele>46.2</ele></trkpt>
      <trkpt lat="55.552280" lon="13.716190"><ele>45.7</ele></trkpt>
      <trkpt lat="55.552260" lon="13.715800"><ele>44.9</ele></trkpt>
      <trkpt lat="55.552240" lon="13.714880"><ele>43.4</ele></trkpt>
      <trkpt lat="55.552210" lon="13.714610"><ele>43.1</ele></trkpt>
      <trkpt lat="55.552160" lon="13.714320"><ele>43.0</ele></trkpt>
      <trkpt lat="55.552090" lon="13.714100"><ele>43.0</ele></trkpt>
      <trkpt lat="55.551990" lon="13.713800"><ele>43.4</ele></trkpt>
      <trkpt lat="55.551880" lon="13.713590"><ele>43.9</ele></trkpt>
      <trkpt lat="55.551280" lon="13.712450"><ele>46.5</ele></trkpt>
      <trkpt lat="55.550670" lon="13.711320"><ele>47.6</ele></trkpt>
      <trkpt lat="55.550070" lon="13.710180"><ele>49.9</ele></trkpt>
      <trkpt lat="55.549560" lon="13.709240"><ele>46.5</ele></trkpt>
      <trkpt lat="55.549140" lon="13.708520"><ele>41.7</ele></trkpt>
      <trkpt lat="55.548970" lon="13.708300"><ele>41.1</ele></trkpt>
      <trkpt lat="55.548690" lon="13.708030"><ele>41.7</ele></trkpt>
      <trkpt lat="55.548180" lon="13.707740"><ele>43.0</ele></trkpt>
      <trkpt lat="55.547650" lon="13.707740"><ele>45.1</ele></trkpt>
      <trkpt lat="55.547130" lon="13.707750"><ele>46.0</ele></trkpt>
      <trkpt lat="55.546290" lon="13.707820"><ele>45.9</ele></trkpt>
      <trkpt lat="55.545450" lon="13.707900"><ele>47.3</ele></trkpt>
      <trkpt lat="55.544620" lon="13.707970"><ele>50.1</ele></trkpt>
      <trkpt lat="55.543780" lon="13.708050"><ele>47.4</ele></trkpt>
      <trkpt lat="55.542940" lon="13.708120"><ele>43.3</ele></trkpt>
      <trkpt lat="55.542100" lon="13.708200"><ele>43.7</ele></trkpt>
      <trkpt lat="55.541270" lon="13.708270"><ele>44.6</ele></trkpt>
      <trkpt lat="55.540430" lon="13.708350"><ele>44.0</ele></trkpt>
      <trkpt lat="55.539590" lon="13.708430"><ele>44.5</ele></trkpt>
      <trkpt lat="55.538970" lon="13.708500"><ele>45.0</ele></trkpt>
      <trkpt lat="55.538360" lon="13.708570"><ele>45.0</ele></trkpt>
      <trkpt lat="55.537740" lon="13.708640"><ele>44.3</ele></trkpt>
      <trkpt lat="55.536930" lon="13.708530"><ele>44.7</ele></trkpt>
      <trkpt lat="55.536480" lon="13.708480"><ele>45.0</ele></trkpt>
      <trkpt lat="55.535900" lon="13.708570"><ele>45.0</ele></trkpt>
      <trkpt lat="55.535360" lon="13.708670"><ele>45.9</ele></trkpt>
      <trkpt lat="55.534820" lon="13.708780"><ele>46.8</ele></trkpt>
      <trkpt lat="55.533990" lon="13.708870"><ele>49.1</ele></trkpt>
      <trkpt lat="55.533160" lon="13.708950"><ele>55.5</ele></trkpt>
      <trkpt lat="55.532330" lon="13.709040"><ele>62.9</ele></trkpt>
      <trkpt lat="55.531490" lon="13.709130"><ele>67.8</ele></trkpt>
      <trkpt lat="55.530750" lon="13.709160"><ele>70.9</ele></trkpt>
      <trkpt lat="55.530010" lon="13.709190"><ele>78.8</ele></trkpt>
      <trkpt lat="55.529450" lon="13.709180"><ele>77.0</ele></trkpt>
      <trkpt lat="55.528900" lon="13.709170"><ele>74.7</ele></trkpt>
      <trkpt lat="55.528780" lon="13.709160"><ele>74.1</ele></trkpt>
      <trkpt lat="55.528530" lon="13.709100"><ele>73.0</ele></trkpt>
      <trkpt lat="55.528140" lon="13.708860"><ele>72.2</ele></trkpt>
      <trkpt lat="55.527990" lon="13.708700"><ele>72.5</ele></trkpt>
      <trkpt lat="55.527830" lon="13.708470"><ele>73.0</ele></trkpt>
      <trkpt lat="55.527150" lon="13.707620"><ele>73.8</ele></trkpt>
      <trkpt lat="55.526470" lon="13.706780"><ele>68.9</ele></trkpt>
      <trkpt lat="55.525960" lon="13.706160"><ele>65.7</ele></trkpt>
      <trkpt lat="55.525460" lon="13.705540"><ele>62.3</ele></trkpt>
      <trkpt lat="55.524960" lon="13.704920"><ele>58.9</ele></trkpt>
      <trkpt lat="55.524840" lon="13.704810"><ele>58.3</ele></trkpt>
      <trkpt lat="55.524700" lon="13.704720"><ele>57.5</ele></trkpt>
      <trkpt lat="55.524610" lon="13.704680"><ele>57.0</ele></trkpt>
      <trkpt lat="55.524450" lon="13.704660"><ele>55.9</ele></trkpt>
      <trkpt lat="55.524280" lon="13.704660"><ele>54.6</ele></trkpt>
      <trkpt lat="55.523550" lon="13.704710"><ele>51.4</ele></trkpt>
      <trkpt lat="55.522820" lon="13.704750"><ele>52.1</ele></trkpt>
      <trkpt lat="55.522080" lon="13.704800"><ele>54.1</ele></trkpt>
      <trkpt lat="55.521350" lon="13.704850"><ele>55.9</ele></trkpt>
      <trkpt lat="55.520830" lon="13.704850"><ele>57.2</ele></trkpt>
      <trkpt lat="55.520030" lon="13.704900"><ele>60.1</ele></trkpt>
      <trkpt lat="55.519220" lon="13.704940"><ele>63.8</ele></trkpt>
      <trkpt lat="55.518410" lon="13.704980"><ele>64.0</ele></trkpt>
      <trkpt lat="55.517600" lon="13.705030"><ele>63.1</ele></trkpt>
      <trkpt lat="55.516870" lon="13.705070"><ele>63.6</ele></trkpt>
      <trkpt lat="55.516130" lon="13.705120"><ele>65.0</ele></trkpt>
      <trkpt lat="55.515400" lon="13.705170"><ele>67.2</ele></trkpt>
      <trkpt lat="55.515210" lon="13.705190"><ele>67.8</ele></trkpt>
      <trkpt lat="55.514810" lon="13.705270"><ele>68.8</ele></trkpt>
      <trkpt lat="55.514570" lon="13.705370"><ele>69.1</ele></trkpt>
      <trkpt lat="55.513800" lon="13.705790"><ele>68.6</ele></trkpt>
      <trkpt lat="55.513020" lon="13.706210"><ele>66.7</ele></trkpt>
      <trkpt lat="55.512360" lon="13.706570"><ele>65.6</ele></trkpt>
      <trkpt lat="55.511700" lon="13.706940"><ele>66.6</ele></trkpt>
      <trkpt lat="55.511040" lon="13.707300"><ele>65.7</ele></trkpt>
      <trkpt lat="55.510380" lon="13.707670"><ele>65.0</ele></trkpt>
      <trkpt lat="55.509530" lon="13.708120"><ele>64.2</ele></trkpt>
      <trkpt lat="55.508730" lon="13.708570"><ele>64.6</ele></trkpt>
      <trkpt lat="55.507920" lon="13.709010"><ele>64.9</ele></trkpt>
      <trkpt lat="55.507120" lon="13.709460"><ele>64.3</ele></trkpt>
      <trkpt lat="55.506310" lon="13.709910"><ele>63.6</ele></trkpt>
      <trkpt lat="55.505510" lon="13.710360"><ele>63.6</ele></trkpt>
      <trkpt lat="55.504710" lon="13.710810"><ele>63.0</ele></trkpt>
      <trkpt lat="55.503980" lon="13.711250"><ele>63.6</ele></trkpt>
      <trkpt lat="55.503740" lon="13.711360"><ele>64.0</ele></trkpt>
      <trkpt lat="55.503490" lon="13.711440"><ele>64.3</ele></trkpt>
      <trkpt lat="55.503280" lon="13.711460"><ele>64.6</ele></trkpt>
      <trkpt lat="55.502960" lon="13.711460"><ele>65.1</ele></trkpt>
      <trkpt lat="55.502360" lon="13.711340"><ele>65.7</ele></trkpt>
      <trkpt lat="55.501490" lon="13.711180"><ele>66.8</ele></trkpt>
      <trkpt lat="55.500610" lon="13.711030"><ele>68.2</ele></trkpt>
      <trkpt lat="55.500150" lon="13.710910"><ele>69.0</ele></trkpt>
      <trkpt lat="55.499850" lon="13.710680"><ele>69.2</ele></trkpt>
      <trkpt lat="55.499410" lon="13.710310"><ele>70.8</ele></trkpt>
      <trkpt lat="55.498990" lon="13.710000"><ele>73.1</ele></trkpt>
      <trkpt lat="55.498400" lon="13.709410"><ele>75.9</ele></trkpt>
      <trkpt lat="55.497780" lon="13.708600"><ele>77.8</ele></trkpt>
      <trkpt lat="55.497550" lon="13.708400"><ele>78.8</ele></trkpt>
      <trkpt lat="55.496950" lon="13.707960"><ele>74.1</ele></trkpt>
      <trkpt lat="55.496350" lon="13.707520"><ele>71.6</ele></trkpt>
      <trkpt lat="55.495740" lon="13.707090"><ele>71.4</ele></trkpt>
      <trkpt lat="55.495590" lon="13.706970"><ele>71.4</ele></trkpt>
      <trkpt lat="55.495330" lon="13.706810"><ele>71.6</ele></trkpt>
      <trkpt lat="55.495210" lon="13.706760"><ele>71.7</ele></trkpt>
      <trkpt lat="55.495080" lon="13.706750"><ele>71.7</ele></trkpt>
      <trkpt lat="55.494910" lon="13.706770"><ele>71.4</ele></trkpt>
      <trkpt lat="55.494780" lon="13.706820"><ele>71.0</ele></trkpt>
      <trkpt lat="55.494570" lon="13.706940"><ele>70.3</ele></trkpt>
      <trkpt lat="55.493790" lon="13.707460"><ele>68.1</ele></trkpt>
      <trkpt lat="55.493540" lon="13.707680"><ele>67.2</ele></trkpt>
      <trkpt lat="55.493100" lon="13.708150"><ele>65.3</ele></trkpt>
      <trkpt lat="55.492650" lon="13.708620"><ele>63.5</ele></trkpt>
      <trkpt lat="55.492060" lon="13.709230"><ele>62.4</ele></trkpt>
      <trkpt lat="55.491470" lon="13.709840"><ele>60.6</ele></trkpt>
      <trkpt lat="55.491020" lon="13.710190"><ele>59.4</ele></trkpt>
      <trkpt lat="55.490740" lon="13.710350"><ele>58.6</ele></trkpt>
      <trkpt lat="55.490680" lon="13.710360"><ele>58.3</ele></trkpt>
      <trkpt lat="55.490610" lon="13.710340"><ele>58.0</ele></trkpt>
      <trkpt lat="55.490430" lon="13.710180"><ele>57.2</ele></trkpt>
      <trkpt lat="55.490150" lon="13.710710"><ele>56.4</ele></trkpt>
      <trkpt lat="55.490070" lon="13.710830"><ele>56.2</ele></trkpt>
      <trkpt lat="55.489970" lon="13.710940"><ele>56.1</ele></trkpt>
      <trkpt lat="55.489750" lon="13.711170"><ele>56.2</ele></trkpt>
      <trkpt lat="55.489020" lon="13.711760"><ele>56.7</ele></trkpt>
      <trkpt lat="55.488470" lon="13.712320"><ele>56.0</ele></trkpt>
      <trkpt lat="55.487920" lon="13.712880"><ele>56.2</ele></trkpt>
      <trkpt lat="55.487400" lon="13.713550"><ele>56.1</ele></trkpt>
      <trkpt lat="55.487270" lon="13.713420"><ele>56.2</ele></trkpt>
      <trkpt lat="55.486550" lon="13.712770"><ele>57.2</ele></trkpt>
      <trkpt lat="55.485970" lon="13.712490"><ele>55.5</ele></trkpt>
      <trkpt lat="55.485380" lon="13.712220"><ele>52.8</ele></trkpt>
      <trkpt lat="55.484860" lon="13.712040"><ele>50.8</ele></trkpt>
      <trkpt lat="55.484330" lon="13.711850"><ele>50.0</ele></trkpt>
      <trkpt lat="55.483510" lon="13.711600"><ele>47.8</ele></trkpt>
      <trkpt lat="55.482690" lon="13.711350"><ele>49.0</ele></trkpt>
      <trkpt lat="55.481870" lon="13.711110"><ele>52.7</ele></trkpt>
      <trkpt lat="55.481060" lon="13.710860"><ele>54.7</ele></trkpt>
      <trkpt lat="55.480240" lon="13.710610"><ele>54.6</ele></trkpt>
      <trkpt lat="55.479420" lon="13.710360"><ele>52.8</ele></trkpt>
      <trkpt lat="55.478600" lon="13.710110"><ele>50.7</ele></trkpt>
      <trkpt lat="55.477780" lon="13.709860"><ele>49.7</ele></trkpt>
      <trkpt lat="55.477110" lon="13.709650"><ele>49.4</ele></trkpt>
      <trkpt lat="55.476440" lon="13.709440"><ele>47.8</ele></trkpt>
      <trkpt lat="55.475770" lon="13.709220"><ele>43.6</ele></trkpt>
      <trkpt lat="55.475100" lon="13.709010"><ele>42.5</ele></trkpt>
      <trkpt lat="55.474970" lon="13.708970"><ele>42.2</ele></trkpt>
      <trkpt lat="55.474170" lon="13.708730"><ele>41.0</ele></trkpt>
      <trkpt lat="55.473370" lon="13.708480"><ele>44.8</ele></trkpt>
      <trkpt lat="55.472570" lon="13.708240"><ele>51.5</ele></trkpt>
      <trkpt lat="55.471770" lon="13.708000"><ele>54.3</ele></trkpt>
      <trkpt lat="55.470970" lon="13.707750"><ele>53.5</ele></trkpt>
      <trkpt lat="55.470170" lon="13.707510"><ele>52.2</ele></trkpt>
      <trkpt lat="55.469370" lon="13.707270"><ele>51.0</ele></trkpt>
      <trkpt lat="55.468940" lon="13.707160"><ele>51.1</ele></trkpt>
      <trkpt lat="55.468540" lon="13.707000"><ele>51.9</ele></trkpt>
      <trkpt lat="55.467710" lon="13.706740"><ele>53.5</ele></trkpt>
      <trkpt lat="55.466870" lon="13.706480"><ele>54.3</ele></trkpt>
      <trkpt lat="55.466030" lon="13.706230"><ele>57.4</ele></trkpt>
      <trkpt lat="55.465380" lon="13.706060"><ele>58.2</ele></trkpt>
      <trkpt lat="55.464570" lon="13.705870"><ele>58.6</ele></trkpt>
      <trkpt lat="55.463980" lon="13.705720"><ele>58.9</ele></trkpt>
      <trkpt lat="55.463440" lon="13.705490"><ele>58.9</ele></trkpt>
      <trkpt lat="55.463220" lon="13.705490"><ele>58.9</ele></trkpt>
      <trkpt lat="55.462900" lon="13.705530"><ele>58.6</ele></trkpt>
      <trkpt lat="55.462140" lon="13.705660"><ele>58.2</ele></trkpt>
      <trkpt lat="55.461830" lon="13.705780"><ele>58.1</ele></trkpt>
      <trkpt lat="55.461310" lon="13.706080"><ele>56.5</ele></trkpt>
      <trkpt lat="55.460810" lon="13.706400"><ele>53.2</ele></trkpt>
      <trkpt lat="55.460320" lon="13.706720"><ele>49.8</ele></trkpt>
      <trkpt lat="55.459890" lon="13.707020"><ele>46.6</ele></trkpt>
      <trkpt lat="55.459470" lon="13.707320"><ele>45.9</ele></trkpt>
      <trkpt lat="55.459030" lon="13.707650"><ele>45.5</ele></trkpt>
      <trkpt lat="55.458590" lon="13.707980"><ele>44.4</ele></trkpt>
      <trkpt lat="55.457890" lon="13.708480"><ele>42.5</ele></trkpt>
      <trkpt lat="55.457190" lon="13.708990"><ele>39.9</ele></trkpt>
      <trkpt lat="55.456490" lon="13.709500"><ele>38.1</ele></trkpt>
      <trkpt lat="55.455790" lon="13.710000"><ele>40.9</ele></trkpt>
      <trkpt lat="55.455410" lon="13.710300"><ele>40.5</ele></trkpt>
      <trkpt lat="55.454850" lon="13.710710"><ele>39.1</ele></trkpt>
      <trkpt lat="55.454170" lon="13.711210"><ele>34.6</ele></trkpt>
      <trkpt lat="55.453490" lon="13.711700"><ele>30.8</ele></trkpt>
      <trkpt lat="55.452800" lon="13.712190"><ele>30.2</ele></trkpt>
      <trkpt lat="55.452130" lon="13.712690"><ele>31.6</ele></trkpt>
      <trkpt lat="55.451450" lon="13.713180"><ele>34.6</ele></trkpt>
      <trkpt lat="55.450780" lon="13.713680"><ele>36.4</ele></trkpt>
      <trkpt lat="55.450100" lon="13.714170"><ele>35.1</ele></trkpt>
      <trkpt lat="55.449420" lon="13.714680"><ele>36.1</ele></trkpt>
      <trkpt lat="55.448740" lon="13.715190"><ele>38.3</ele></trkpt>
      <trkpt lat="55.448060" lon="13.715700"><ele>39.6</ele></trkpt>
      <trkpt lat="55.447350" lon="13.716290"><ele>38.6</ele></trkpt>
      <trkpt lat="55.447150" lon="13.716420"><ele>38.0</ele></trkpt>
      <trkpt lat="55.446690" lon="13.716540"><ele>37.2</ele></trkpt>
      <trkpt lat="55.446230" lon="13.716650"><ele>34.9</ele></trkpt>
      <trkpt lat="55.445980" lon="13.716760"><ele>33.9</ele></trkpt>
      <trkpt lat="55.445640" lon="13.716980"><ele>33.4</ele></trkpt>
      <trkpt lat="55.445390" lon="13.717070"><ele>33.2</ele></trkpt>
      <trkpt lat="55.445040" lon="13.717110"><ele>32.6</ele></trkpt>
      <trkpt lat="55.444810" lon="13.717100"><ele>32.5</ele></trkpt>
      <trkpt lat="55.444050" lon="13.717040"><ele>32.5</ele></trkpt>
      <trkpt lat="55.443300" lon="13.716990"><ele>33.0</ele></trkpt>
      <trkpt lat="55.442550" lon="13.716940"><ele>33.0</ele></trkpt>
      <trkpt lat="55.441790" lon="13.716880"><ele>31.5</ele></trkpt>
      <trkpt lat="55.441040" lon="13.716830"><ele>32.6</ele></trkpt>
      <trkpt lat="55.440310" lon="13.716790"><ele>33.6</ele></trkpt>
      <trkpt lat="55.439590" lon="13.716810"><ele>33.5</ele></trkpt>
      <trkpt lat="55.438870" lon="13.716830"><ele>32.6</ele></trkpt>
      <trkpt lat="55.438160" lon="13.716860"><ele>32.0</ele></trkpt>
      <trkpt lat="55.437840" lon="13.716910"><ele>32.0</ele></trkpt>
      <trkpt lat="55.437530" lon="13.717020"><ele>32.0</ele></trkpt>
      <trkpt lat="55.437010" lon="13.717340"><ele>31.9</ele></trkpt>
      <trkpt lat="55.436610" lon="13.717770"><ele>32.3</ele></trkpt>
      <trkpt lat="55.436380" lon="13.718060"><ele>32.7</ele></trkpt>
      <trkpt lat="55.435940" lon="13.718590"><ele>32.7</ele></trkpt>
      <trkpt lat="55.435750" lon="13.718750"><ele>32.3</ele></trkpt>
      <trkpt lat="55.435500" lon="13.718930"><ele>31.8</ele></trkpt>
      <trkpt lat="55.435050" lon="13.719120"><ele>31.1</ele></trkpt>
      <trkpt lat="55.434720" lon="13.719210"><ele>30.3</ele></trkpt>
      <trkpt lat="55.434400" lon="13.719260"><ele>29.4</ele></trkpt>
      <trkpt lat="55.434030" lon="13.719300"><ele>28.5</ele></trkpt>
      <trkpt lat="55.433710" lon="13.719290"><ele>28.2</ele></trkpt>
      <trkpt lat="55.433070" lon="13.719200"><ele>27.6</ele></trkpt>
      <trkpt lat="55.432500" lon="13.719060"><ele>27.0</ele></trkpt>
      <trkpt lat="55.431840" lon="13.718850"><ele>25.4</ele></trkpt>
      <trkpt lat="55.431310" lon="13.718720"><ele>22.9</ele></trkpt>
      <trkpt lat="55.430820" lon="13.718610"><ele>20.0</ele></trkpt>
      <trkpt lat="55.430140" lon="13.718520"><ele>17.5</ele></trkpt>
      <trkpt lat="55.429430" lon="13.718480"><ele>14.3</ele></trkpt>
      <trkpt lat="55.428960" lon="13.718480"><ele>12.0</ele></trkpt>
      <trkpt lat="55.428500" lon="13.718480"><ele>9.8</ele></trkpt>
      <trkpt lat="55.427980" lon="13.718510"><ele>7.7</ele></trkpt>
      <trkpt lat="55.427470" lon="13.718530"><ele>5.8</ele></trkpt>
      <trkpt lat="55.427410" lon="13.718590"><ele>5.4</ele></trkpt>
      <trkpt lat="55.427430" lon="13.719350"><ele>5.7</ele></trkpt>
      <trkpt lat="55.427460" lon="13.719740"><ele>6.4</ele></trkpt>
      <trkpt lat="55.427440" lon="13.720070"><ele>6.6</ele></trkpt>
      <trkpt lat="55.427440" lon="13.720270"><ele>6.4</ele></trkpt>
      <trkpt lat="55.427470" lon="13.720560"><ele>6.2</ele></trkpt>
      <trkpt lat="55.427450" lon="13.720970"><ele>5.7</ele></trkpt>
      <trkpt lat="55.427420" lon="13.721280"><ele>5.4</ele></trkpt>
      <trkpt lat="55.427390" lon="13.721480"><ele>5.3</ele></trkpt>
      <trkpt lat="55.427320" lon="13.721800"><ele>5.0</ele></trkpt>
      <trkpt lat="55.427250" lon="13.722070"><ele>4.8</ele></trkpt>
      <trkpt lat="55.427150" lon="13.722400"><ele>4.6</ele></trkpt>
      <trkpt lat="55.426840" lon="13.723450"><ele>4.2</ele></trkpt>
      <trkpt lat="55.426680" lon="13.724110"><ele>4.0</ele></trkpt>
      <trkpt lat="55.426550" lon="13.725090"><ele>2.8</ele></trkpt>
      <trkpt lat="55.426480" lon="13.726510"><ele>3.8</ele></trkpt>
      <trkpt lat="55.426390" lon="13.727700"><ele>3.4</ele></trkpt>
      <trkpt lat="55.426380" lon="13.728520"><ele>3.6</ele></trkpt>
      <trkpt lat="55.426330" lon="13.729850"><ele>3.5</ele></trkpt>
      <trkpt lat="55.426290" lon="13.730950"><ele>3.9</ele></trkpt>
      <trkpt lat="55.426260" lon="13.732050"><ele>4.1</ele></trkpt>
      <trkpt lat="55.426250" lon="13.732800"><ele>4.2</ele></trkpt>
      <trkpt lat="55.426280" lon="13.733320"><ele>4.8</ele></trkpt>
      <trkpt lat="55.426390" lon="13.733960"><ele>5.5</ele></trkpt>
      <trkpt lat="55.426520" lon="13.734870"><ele>5.9</ele></trkpt>
      <trkpt lat="55.426600" lon="13.735550"><ele>6.4</ele></trkpt>
      <trkpt lat="55.426630" lon="13.736480"><ele>6.0</ele></trkpt>
      <trkpt lat="55.426650" lon="13.737910"><ele>5.9</ele></trkpt>
      <trkpt lat="55.426630" lon="13.739310"><ele>7.0</ele></trkpt>
      <trkpt lat="55.426600" lon="13.740400"><ele>8.3</ele></trkpt>
      <trkpt lat="55.426600" lon="13.740400"><ele>8.3</ele></trkpt>
      <trkpt lat="55.426570" lon="13.741230"><ele>8.0</ele></trkpt>
      <trkpt lat="55.426540" lon="13.742060"><ele>7.6</ele></trkpt>
      <trkpt lat="55.426480" lon="13.743630"><ele>7.8</ele></trkpt>
      <trkpt lat="55.426420" lon="13.745200"><ele>6.2</ele></trkpt>
      <trkpt lat="55.426370" lon="13.746660"><ele>4.9</ele></trkpt>
      <trkpt lat="55.426320" lon="13.748120"><ele>2.8</ele></trkpt>
      <trkpt lat="55.426270" lon="13.749570"><ele>2.8</ele></trkpt>
      <trkpt lat="55.426260" lon="13.750440"><ele>3.3</ele></trkpt>
      <trkpt lat="55.426270" lon="13.751030"><ele>3.6</ele></trkpt>
      <trkpt lat="55.426340" lon="13.751600"><ele>4.0</ele></trkpt>
      <trkpt lat="55.426390" lon="13.752690"><ele>3.5</ele></trkpt>
      <trkpt lat="55.426480" lon="13.753930"><ele>2.8</ele></trkpt>
      <trkpt lat="55.426570" lon="13.755160"><ele>1.0</ele></trkpt>
      <trkpt lat="55.426640" lon="13.756080"><ele>1.3</ele></trkpt>
      <trkpt lat="55.426720" lon="13.757000"><ele>2.3</ele></trkpt>
      <trkpt lat="55.426800" lon="13.758160"><ele>3.6</ele></trkpt>
      <trkpt lat="55.426840" lon="13.759260"><ele>4.1</ele></trkpt>
      <trkpt lat="55.426850" lon="13.760210"><ele>4.8</ele></trkpt>
      <trkpt lat="55.426860" lon="13.761160"><ele>4.8</ele></trkpt>
      <trkpt lat="55.426820" lon="13.761930"><ele>5.0</ele></trkpt>
      <trkpt lat="55.426720" lon="13.762580"><ele>4.9</ele></trkpt>
      <trkpt lat="55.426430" lon="13.763820"><ele>3.2</ele></trkpt>
      <trkpt lat="55.426300" lon="13.764760"><ele>4.2</ele></trkpt>
      <trkpt lat="55.426200" lon="13.765590"><ele>4.6</ele></trkpt>
      <trkpt lat="55.426160" lon="13.766120"><ele>4.6</ele></trkpt>
      <trkpt lat="55.426040" lon="13.766960"><ele>4.8</ele></trkpt>
      <trkpt lat="55.425930" lon="13.767810"><ele>5.5</ele></trkpt>
      <trkpt lat="55.425670" lon="13.768950"><ele>6.3</ele></trkpt>
      <trkpt lat="55.425500" lon="13.769790"><ele>7.4</ele></trkpt>
      <trkpt lat="55.425380" lon="13.770580"><ele>7.4</ele></trkpt>
      <trkpt lat="55.425280" lon="13.771280"><ele>7.0</ele></trkpt>
      <trkpt lat="55.425180" lon="13.771660"><ele>6.6</ele></trkpt>
      <trkpt lat="55.425090" lon="13.772110"><ele>6.2</ele></trkpt>
      <trkpt lat="55.425010" lon="13.772350"><ele>6.0</ele></trkpt>
      <trkpt lat="55.424990" lon="13.772530"><ele>5.9</ele></trkpt>
      <trkpt lat="55.424990" lon="13.772700"><ele>5.7</ele></trkpt>
      <trkpt lat="55.425050" lon="13.773030"><ele>5.3</ele></trkpt>
      <trkpt lat="55.425190" lon="13.773600"><ele>5.0</ele></trkpt>
      <trkpt lat="55.425330" lon="13.774460"><ele>5.5</ele></trkpt>
      <trkpt lat="55.425370" lon="13.774860"><ele>5.7</ele></trkpt>
      <trkpt lat="55.425440" lon="13.775870"><ele>1.6</ele></trkpt>
      <trkpt lat="55.425450" lon="13.776060"><ele>1.5</ele></trkpt>
      <trkpt lat="55.425440" lon="13.777110"><ele>1.1</ele></trkpt>
      <trkpt lat="55.425390" lon="13.777960"><ele>1.3</ele></trkpt>
      <trkpt lat="55.425330" lon="13.778820"><ele>1.6</ele></trkpt>
      <trkpt lat="55.425320" lon="13.779360"><ele>1.7</ele></trkpt>
      <trkpt lat="55.425360" lon="13.780590"><ele>2.0</ele></trkpt>
      <trkpt lat="55.425390" lon="13.782130"><ele>1.3</ele></trkpt>
      <trkpt lat="55.425430" lon="13.783660"><ele>0.4</ele></trkpt>
      <trkpt lat="55.425390" lon="13.784990"><ele>3.9</ele></trkpt>
      <trkpt lat="55.425360" lon="13.785550"><ele>4.0</ele></trkpt>
      <trkpt lat="55.425310" lon="13.785970"><ele>4.0</ele></trkpt>
      <trkpt lat="55.425220" lon="13.786850"><ele>4.3</ele></trkpt>
      <trkpt lat="55.425120" lon="13.787730"><ele>3.6</ele></trkpt>
      <trkpt lat="55.425000" lon="13.788700"><ele>3.4</ele></trkpt>
      <trkpt lat="55.424890" lon="13.789660"><ele>4.5</ele></trkpt>
      <trkpt lat="55.424800" lon="13.790860"><ele>5.6</ele></trkpt>
      <trkpt lat="55.424750" lon="13.791830"><ele>6.3</ele></trkpt>
      <trkpt lat="55.424760" lon="13.793040"><ele>5.9</ele></trkpt>
      <trkpt lat="55.424770" lon="13.793480"><ele>5.8</ele></trkpt>
      <trkpt lat="55.424830" lon="13.794770"><ele>4.7</ele></trkpt>
      <trkpt lat="55.424890" lon="13.796070"><ele>4.7</ele></trkpt>
      <trkpt lat="55.424950" lon="13.797370"><ele>5.6</ele></trkpt>
      <trkpt lat="55.424960" lon="13.798660"><ele>4.8</ele></trkpt>
      <trkpt lat="55.424990" lon="13.799260"><ele>4.9</ele></trkpt>
      <trkpt lat="55.425020" lon="13.799680"><ele>5.0</ele></trkpt>
      <trkpt lat="55.425160" lon="13.800750"><ele>5.4</ele></trkpt>
      <trkpt lat="55.425250" lon="13.801230"><ele>5.4</ele></trkpt>
      <trkpt lat="55.425400" lon="13.801920"><ele>5.8</ele></trkpt>
      <trkpt lat="55.425630" lon="13.802690"><ele>6.6</ele></trkpt>
      <trkpt lat="55.425710" lon="13.802890"><ele>6.8</ele></trkpt>
      <trkpt lat="55.425760" lon="13.803040"><ele>6.9</ele></trkpt>
      <trkpt lat="55.426210" lon="13.804000"><ele>7.9</ele></trkpt>
      <trkpt lat="55.426660" lon="13.804970"><ele>8.0</ele></trkpt>
      <trkpt lat="55.427000" lon="13.805750"><ele>9.2</ele></trkpt>
      <trkpt lat="55.427200" lon="13.806280"><ele>9.0</ele></trkpt>
      <trkpt lat="55.427500" lon="13.807090"><ele>9.0</ele></trkpt>
      <trkpt lat="55.427940" lon="13.808360"><ele>9.6</ele></trkpt>
      <trkpt lat="55.428000" lon="13.808580"><ele>9.9</ele></trkpt>
      <trkpt lat="55.428020" lon="13.808740"><ele>10.1</ele></trkpt>
      <trkpt lat="55.428000" lon="13.809110"><ele>10.2</ele></trkpt>
      <trkpt lat="55.428060" lon="13.809240"><ele>10.4</ele></trkpt>
      <trkpt lat="55.428150" lon="13.809330"><ele>10.6</ele></trkpt>
      <trkpt lat="55.428200" lon="13.809320"><ele>10.7</ele></trkpt>
      <trkpt lat="55.428250" lon="13.809290"><ele>10.8</ele></trkpt>
      <trkpt lat="55.428280" lon="13.809260"><ele>10.9</ele></trkpt>
      <trkpt lat="55.428340" lon="13.809350"><ele>11.0</ele></trkpt>
      <trkpt lat="55.428640" lon="13.809930"><ele>11.7</ele></trkpt>
      <trkpt lat="55.429120" lon="13.811050"><ele>11.7</ele></trkpt>
      <trkpt lat="55.429610" lon="13.812170"><ele>11.7</ele></trkpt>
      <trkpt lat="55.429740" lon="13.812450"><ele>11.7</ele></trkpt>
      <trkpt lat="55.429870" lon="13.812690"><ele>11.7</ele></trkpt>
      <trkpt lat="55.430210" lon="13.813250"><ele>11.1</ele></trkpt>
      <trkpt lat="55.430350" lon="13.813450"><ele>11.0</ele></trkpt>
      <trkpt lat="55.430820" lon="13.814000"><ele>11.0</ele></trkpt>
      <trkpt lat="55.430980" lon="13.814240"><ele>11.0</ele></trkpt>
      <trkpt lat="55.431080" lon="13.814410"><ele>10.9</ele></trkpt>
      <trkpt lat="55.431440" lon="13.815290"><ele>10.2</ele></trkpt>
      <trkpt lat="55.431790" lon="13.816140"><ele>10.4</ele></trkpt>
      <trkpt lat="55.431850" lon="13.816340"><ele>10.5</ele></trkpt>
      <trkpt lat="55.431850" lon="13.816410"><ele>10.5</ele></trkpt>
      <trkpt lat="55.431900" lon="13.816550"><ele>10.6</ele></trkpt>
      <trkpt lat="55.432000" lon="13.816770"><ele>10.6</ele></trkpt>
      <trkpt lat="55.432060" lon="13.816690"><ele>10.9</ele></trkpt>
      <trkpt lat="55.432390" lon="13.817420"><ele>10.0</ele></trkpt>
      <trkpt lat="55.432500" lon="13.817780"><ele>9.3</ele></trkpt>
      <trkpt lat="55.432460" lon="13.817860"><ele>9.1</ele></trkpt>
      <trkpt lat="55.432450" lon="13.817940"><ele>8.9</ele></trkpt>
      <trkpt lat="55.432430" lon="13.818050"><ele>8.7</ele></trkpt>
      <trkpt lat="55.432450" lon="13.818200"><ele>8.3</ele></trkpt>
      <trkpt lat="55.432480" lon="13.818270"><ele>8.1</ele></trkpt>
      <trkpt lat="55.432510" lon="13.818330"><ele>8.0</ele></trkpt>
      <trkpt lat="55.432570" lon="13.818370"><ele>8.2</ele></trkpt>
      <trkpt lat="55.432670" lon="13.818420"><ele>8.4</ele></trkpt>
      <trkpt lat="55.432680" lon="13.818380"><ele>8.4</ele></trkpt>
      <trkpt lat="55.432710" lon="13.818360"><ele>8.5</ele></trkpt>
      <trkpt lat="55.432770" lon="13.818390"><ele>8.6</ele></trkpt>
      <trkpt lat="55.432800" lon="13.818430"><ele>8.7</ele></trkpt>
      <trkpt lat="55.433200" lon="13.819260"><ele>9.6</ele></trkpt>
      <trkpt lat="55.433600" lon="13.820080"><ele>8.9</ele></trkpt>
      <trkpt lat="55.433970" lon="13.820740"><ele>8.8</ele></trkpt>
      <trkpt lat="55.434450" lon="13.821420"><ele>8.7</ele></trkpt>
      <trkpt lat="55.435050" lon="13.822170"><ele>9.3</ele></trkpt>
      <trkpt lat="55.435650" lon="13.822920"><ele>10.8</ele></trkpt>
      <trkpt lat="55.436260" lon="13.823670"><ele>12.4</ele></trkpt>
      <trkpt lat="55.436410" lon="13.823870"><ele>13.0</ele></trkpt>
      <trkpt lat="55.436480" lon="13.824040"><ele>13.2</ele></trkpt>
      <trkpt lat="55.436510" lon="13.824170"><ele>13.2</ele></trkpt>
      <trkpt lat="55.436750" lon="13.824470"><ele>14.0</ele></trkpt>
      <trkpt lat="55.436950" lon="13.824630"><ele>14.8</ele></trkpt>
      <trkpt lat="55.437050" lon="13.824740"><ele>15.2</ele></trkpt>
      <trkpt lat="55.437560" lon="13.825530"><ele>17.2</ele></trkpt>
      <trkpt lat="55.438100" lon="13.826310"><ele>19.6</ele></trkpt>
      <trkpt lat="55.438650" lon="13.827090"><ele>21.6</ele></trkpt>
      <trkpt lat="55.439190" lon="13.827870"><ele>21.0</ele></trkpt>
      <trkpt lat="55.439740" lon="13.828650"><ele>16.6</ele></trkpt>
      <trkpt lat="55.440230" lon="13.829440"><ele>15.1</ele></trkpt>
      <trkpt lat="55.440710" lon="13.830230"><ele>14.5</ele></trkpt>
      <trkpt lat="55.441150" lon="13.831090"><ele>14.1</ele></trkpt>
      <trkpt lat="55.441580" lon="13.831940"><ele>13.9</ele></trkpt>
      <trkpt lat="55.441250" lon="13.832260"><ele>13.1</ele></trkpt>
      <trkpt lat="55.441640" lon="13.833060"><ele>13.3</ele></trkpt>
      <trkpt lat="55.442020" lon="13.833860"><ele>13.5</ele></trkpt>
      <trkpt lat="55.442030" lon="13.833920"><ele>13.5</ele></trkpt>
      <trkpt lat="55.441990" lon="13.835070"><ele>12.1</ele></trkpt>
      <trkpt lat="55.441910" lon="13.835200"><ele>11.7</ele></trkpt>
      <trkpt lat="55.441830" lon="13.835200"><ele>11.4</ele></trkpt>
      <trkpt lat="55.441830" lon="13.835480"><ele>11.1</ele></trkpt>
      <trkpt lat="55.442650" lon="13.835510"><ele>14.5</ele></trkpt>
      <trkpt lat="55.443480" lon="13.835540"><ele>17.1</ele></trkpt>
      <trkpt lat="55.443550" lon="13.835560"><ele>17.1</ele></trkpt>
      <trkpt lat="55.443650" lon="13.835650"><ele>17.1</ele></trkpt>
      <trkpt lat="55.443850" lon="13.835920"><ele>16.9</ele></trkpt>
      <trkpt lat="55.444460" lon="13.836890"><ele>16.4</ele></trkpt>
      <trkpt lat="55.444750" lon="13.837410"><ele>16.5</ele></trkpt>
      <trkpt lat="55.445200" lon="13.838320"><ele>15.5</ele></trkpt>
      <trkpt lat="55.445230" lon="13.838430"><ele>15.6</ele></trkpt>
      <trkpt lat="55.445230" lon="13.838510"><ele>15.6</ele></trkpt>
      <trkpt lat="55.445220" lon="13.838600"><ele>15.5</ele></trkpt>
      <trkpt lat="55.445270" lon="13.838720"><ele>15.6</ele></trkpt>
      <trkpt lat="55.445350" lon="13.838840"><ele>15.8</ele></trkpt>
      <trkpt lat="55.445700" lon="13.839540"><ele>16.8</ele></trkpt>
      <trkpt lat="55.446060" lon="13.840240"><ele>17.3</ele></trkpt>
      <trkpt lat="55.446450" lon="13.840920"><ele>17.8</ele></trkpt>
      <trkpt lat="55.446770" lon="13.841450"><ele>18.9</ele></trkpt>
      <trkpt lat="55.447050" lon="13.841870"><ele>19.6</ele></trkpt>
      <trkpt lat="55.447290" lon="13.842210"><ele>20.2</ele></trkpt>
      <trkpt lat="55.447980" lon="13.843080"><ele>21.5</ele></trkpt>
      <trkpt lat="55.448660" lon="13.843960"><ele>20.6</ele></trkpt>
      <trkpt lat="55.449340" lon="13.844830"><ele>19.8</ele></trkpt>
      <trkpt lat="55.449530" lon="13.845110"><ele>19.8</ele></trkpt>
      <trkpt lat="55.449820" lon="13.845420"><ele>20.2</ele></trkpt>
      <trkpt lat="55.450500" lon="13.846290"><ele>20.7</ele></trkpt>
      <trkpt lat="55.450910" lon="13.846840"><ele>20.8</ele></trkpt>
      <trkpt lat="55.451330" lon="13.847390"><ele>20.5</ele></trkpt>
      <trkpt lat="55.451970" lon="13.848110"><ele>19.6</ele></trkpt>
      <trkpt lat="55.452500" lon="13.848650"><ele>18.2</ele></trkpt>
      <trkpt lat="55.453180" lon="13.849220"><ele>17.0</ele></trkpt>
      <trkpt lat="55.453500" lon="13.849520"><ele>17.4</ele></trkpt>
      <trkpt lat="55.453700" lon="13.849790"><ele>17.9</ele></trkpt>
      <trkpt lat="55.453910" lon="13.850120"><ele>18.1</ele></trkpt>
      <trkpt lat="55.454160" lon="13.850120"><ele>18.7</ele></trkpt>
      <trkpt lat="55.454380" lon="13.850070"><ele>19.1</ele></trkpt>
      <trkpt lat="55.454570" lon="13.850150"><ele>19.1</ele></trkpt>
      <trkpt lat="55.455260" lon="13.850690"><ele>18.7</ele></trkpt>
      <trkpt lat="55.455910" lon="13.851360"><ele>17.8</ele></trkpt>
      <trkpt lat="55.456560" lon="13.852130"><ele>17.2</ele></trkpt>
      <trkpt lat="55.456630" lon="13.852330"><ele>17.1</ele></trkpt>
      <trkpt lat="55.456540" lon="13.852860"><ele>16.2</ele></trkpt>
      <trkpt lat="55.456550" lon="13.853180"><ele>15.8</ele></trkpt>
      <trkpt lat="55.456670" lon="13.853420"><ele>15.9</ele></trkpt>
      <trkpt lat="55.456990" lon="13.853620"><ele>16.2</ele></trkpt>
      <trkpt lat="55.457490" lon="13.854200"><ele>17.0</ele></trkpt>
      <trkpt lat="55.457770" lon="13.854640"><ele>17.6</ele></trkpt>
      <trkpt lat="55.458140" lon="13.855350"><ele>18.2</ele></trkpt>
      <trkpt lat="55.458510" lon="13.856050"><ele>18.4</ele></trkpt>
      <trkpt lat="55.459080" lon="13.856650"><ele>19.7</ele></trkpt>
      <trkpt lat="55.459590" lon="13.856940"><ele>20.7</ele></trkpt>
      <trkpt lat="55.459840" lon="13.856860"><ele>21.4</ele></trkpt>
      <trkpt lat="55.460030" lon="13.857040"><ele>21.6</ele></trkpt>
      <trkpt lat="55.460270" lon="13.857490"><ele>21.0</ele></trkpt>
      <trkpt lat="55.460420" lon="13.857520"><ele>21.0</ele></trkpt>
      <trkpt lat="55.460760" lon="13.858100"><ele>19.6</ele></trkpt>
      <trkpt lat="55.461360" lon="13.859220"><ele>18.2</ele></trkpt>
      <trkpt lat="55.461770" lon="13.859960"><ele>17.8</ele></trkpt>
      <trkpt lat="55.462320" lon="13.861010"><ele>14.9</ele></trkpt>
      <trkpt lat="55.462710" lon="13.861670"><ele>14.3</ele></trkpt>
      <trkpt lat="55.463270" lon="13.862720"><ele>13.7</ele></trkpt>
      <trkpt lat="55.463520" lon="13.863260"><ele>13.1</ele></trkpt>
      <trkpt lat="55.463810" lon="13.863890"><ele>13.0</ele></trkpt>
      <trkpt lat="55.464360" lon="13.864880"><ele>13.3</ele></trkpt>
      <trkpt lat="55.464430" lon="13.865260"><ele>13.6</ele></trkpt>
      <trkpt lat="55.464540" lon="13.865530"><ele>14.1</ele></trkpt>
      <trkpt lat="55.464660" lon="13.865410"><ele>14.1</ele></trkpt>
      <trkpt lat="55.464730" lon="13.865310"><ele>14.0</ele></trkpt>
      <trkpt lat="55.464820" lon="13.865520"><ele>14.4</ele></trkpt>
      <trkpt lat="55.465030" lon="13.865920"><ele>15.3</ele></trkpt>
      <trkpt lat="55.465600" lon="13.866970"><ele>19.7</ele></trkpt>
      <trkpt lat="55.466170" lon="13.868020"><ele>22.8</ele></trkpt>
      <trkpt lat="55.466730" lon="13.869070"><ele>24.8</ele></trkpt>
      <trkpt lat="55.467300" lon="13.870110"><ele>25.1</ele></trkpt>
      <trkpt lat="55.467730" lon="13.870910"><ele>23.2</ele></trkpt>
      <trkpt lat="55.468150" lon="13.871710"><ele>21.2</ele></trkpt>
      <trkpt lat="55.468540" lon="13.872410"><ele>20.9</ele></trkpt>
      <trkpt lat="55.468920" lon="13.873100"><ele>20.7</ele></trkpt>
      <trkpt lat="55.469350" lon="13.873870"><ele>20.4</ele></trkpt>
      <trkpt lat="55.469780" lon="13.874640"><ele>19.4</ele></trkpt>
      <trkpt lat="55.470270" lon="13.875550"><ele>19.4</ele></trkpt>
      <trkpt lat="55.470760" lon="13.876460"><ele>19.2</ele></trkpt>
      <trkpt lat="55.471220" lon="13.877350"><ele>19.9</ele></trkpt>
      <trkpt lat="55.471680" lon="13.878190"><ele>21.0</ele></trkpt>
      <trkpt lat="55.472140" lon="13.879030"><ele>22.1</ele></trkpt>
      <trkpt lat="55.472140" lon="13.879030"><ele>22.1</ele></trkpt>
      <trkpt lat="55.472140" lon="13.879030"><ele>22.1</ele></trkpt>
      <trkpt lat="55.472330" lon="13.879380"><ele>22.6</ele></trkpt>
      <trkpt lat="55.472970" lon="13.880290"><ele>22.8</ele></trkpt>
      <trkpt lat="55.473500" lon="13.880920"><ele>22.9</ele></trkpt>
      <trkpt lat="55.474020" lon="13.881480"><ele>22.2</ele></trkpt>
      <trkpt lat="55.474460" lon="13.881830"><ele>22.0</ele></trkpt>
      <trkpt lat="55.474900" lon="13.882180"><ele>22.0</ele></trkpt>
      <trkpt lat="55.475440" lon="13.882490"><ele>22.5</ele></trkpt>
      <trkpt lat="55.475980" lon="13.882800"><ele>22.8</ele></trkpt>
      <trkpt lat="55.476580" lon="13.883060"><ele>23.2</ele></trkpt>
      <trkpt lat="55.476570" lon="13.883300"><ele>22.9</ele></trkpt>
      <trkpt lat="55.476570" lon="13.883620"><ele>23.2</ele></trkpt>
      <trkpt lat="55.476590" lon="13.884010"><ele>23.6</ele></trkpt>
      <trkpt lat="55.476610" lon="13.884230"><ele>23.9</ele></trkpt>
      <trkpt lat="55.476690" lon="13.884900"><ele>24.9</ele></trkpt>
      <trkpt lat="55.476720" lon="13.885380"><ele>25.1</ele></trkpt>
      <trkpt lat="55.476770" lon="13.886890"><ele>26.1</ele></trkpt>
      <trkpt lat="55.476820" lon="13.888400"><ele>26.2</ele></trkpt>
      <trkpt lat="55.476870" lon="13.889920"><ele>25.6</ele></trkpt>
      <trkpt lat="55.476910" lon="13.891470"><ele>26.3</ele></trkpt>
      <trkpt lat="55.476910" lon="13.891830"><ele>26.6</ele></trkpt>
      <trkpt lat="55.476890" lon="13.892080"><ele>26.5</ele></trkpt>
      <trkpt lat="55.476840" lon="13.892440"><ele>26.4</ele></trkpt>
      <trkpt lat="55.476750" lon="13.892880"><ele>25.8</ele></trkpt>
      <trkpt lat="55.476440" lon="13.894340"><ele>23.7</ele></trkpt>
      <trkpt lat="55.476130" lon="13.895790"><ele>21.4</ele></trkpt>
      <trkpt lat="55.475820" lon="13.897250"><ele>21.7</ele></trkpt>
      <trkpt lat="55.475510" lon="13.898700"><ele>21.6</ele></trkpt>
      <trkpt lat="55.475230" lon="13.899990"><ele>21.0</ele></trkpt>
      <trkpt lat="55.474950" lon="13.901270"><ele>21.0</ele></trkpt>
      <trkpt lat="55.474670" lon="13.902560"><ele>21.1</ele></trkpt>
      <trkpt lat="55.474390" lon="13.903850"><ele>21.5</ele></trkpt>
      <trkpt lat="55.474290" lon="13.904220"><ele>21.1</ele></trkpt>
      <trkpt lat="55.474330" lon="13.904310"><ele>21.1</ele></trkpt>
      <trkpt lat="55.474500" lon="13.905370"><ele>21.2</ele></trkpt>
      <trkpt lat="55.474670" lon="13.906770"><ele>22.2</ele></trkpt>
      <trkpt lat="55.474830" lon="13.908180"><ele>21.9</ele></trkpt>
      <trkpt lat="55.475000" lon="13.909580"><ele>22.5</ele></trkpt>
      <trkpt lat="55.475170" lon="13.910990"><ele>24.5</ele></trkpt>
      <trkpt lat="55.475340" lon="13.912400"><ele>25.6</ele></trkpt>
      <trkpt lat="55.475510" lon="13.913800"><ele>24.3</ele></trkpt>
      <trkpt lat="55.475740" lon="13.915330"><ele>23.7</ele></trkpt>
      <trkpt lat="55.475980" lon="13.916850"><ele>23.3</ele></trkpt>
      <trkpt lat="55.476220" lon="13.918380"><ele>22.5</ele></trkpt>
      <trkpt lat="55.476450" lon="13.919900"><ele>22.7</ele></trkpt>
      <trkpt lat="55.476690" lon="13.921420"><ele>22.3</ele></trkpt>
      <trkpt lat="55.476890" lon="13.922450"><ele>22.3</ele></trkpt>
      <trkpt lat="55.477090" lon="13.923470"><ele>23.5</ele></trkpt>
      <trkpt lat="55.477350" lon="13.924570"><ele>24.2</ele></trkpt>
      <trkpt lat="55.477610" lon="13.925670"><ele>25.0</ele></trkpt>
      <trkpt lat="55.478000" lon="13.926380"><ele>25.4</ele></trkpt>
      <trkpt lat="55.478360" lon="13.927150"><ele>26.0</ele></trkpt>
      <trkpt lat="55.478580" lon="13.928020"><ele>26.4</ele></trkpt>
      <trkpt lat="55.478800" lon="13.928890"><ele>26.4</ele></trkpt>
      <trkpt lat="55.478960" lon="13.929830"><ele>26.1</ele></trkpt>
      <trkpt lat="55.479090" lon="13.931310"><ele>26.6</ele></trkpt>
      <trkpt lat="55.479280" lon="13.932250"><ele>26.4</ele></trkpt>
      <trkpt lat="55.479470" lon="13.933180"><ele>25.5</ele></trkpt>
      <trkpt lat="55.479660" lon="13.934170"><ele>25.0</ele></trkpt>
      <trkpt lat="55.479850" lon="13.935160"><ele>24.1</ele></trkpt>
      <trkpt lat="55.480070" lon="13.935970"><ele>23.8</ele></trkpt>
      <trkpt lat="55.480300" lon="13.936790"><ele>23.4</ele></trkpt>
      <trkpt lat="55.480540" lon="13.937530"><ele>23.6</ele></trkpt>
      <trkpt lat="55.480750" lon="13.938240"><ele>23.2</ele></trkpt>
      <trkpt lat="55.480830" lon="13.938520"><ele>22.3</ele></trkpt>
      <trkpt lat="55.480840" lon="13.938900"><ele>20.9</ele></trkpt>
      <trkpt lat="55.480810" lon="13.939110"><ele>20.2</ele></trkpt>
      <trkpt lat="55.480740" lon="13.939280"><ele>19.6</ele></trkpt>
      <trkpt lat="55.480520" lon="13.939630"><ele>18.4</ele></trkpt>
      <trkpt lat="55.480450" lon="13.939820"><ele>17.7</ele></trkpt>
      <trkpt lat="55.480440" lon="13.940010"><ele>17.6</ele></trkpt>
      <trkpt lat="55.480460" lon="13.940160"><ele>17.5</ele></trkpt>
      <trkpt lat="55.480530" lon="13.940700"><ele>17.4</ele></trkpt>
      <trkpt lat="55.480570" lon="13.941050"><ele>17.3</ele></trkpt>
      <trkpt lat="55.480630" lon="13.942630"><ele>19.8</ele></trkpt>
      <trkpt lat="55.480680" lon="13.943440"><ele>21.8</ele></trkpt>
      <trkpt lat="55.480730" lon="13.944260"><ele>23.1</ele></trkpt>
      <trkpt lat="55.480790" lon="13.945620"><ele>25.0</ele></trkpt>
      <trkpt lat="55.480850" lon="13.946310"><ele>25.6</ele></trkpt>
      <trkpt lat="55.480910" lon="13.946640"><ele>25.9</ele></trkpt>
      <trkpt lat="55.480980" lon="13.946820"><ele>25.5</ele></trkpt>
      <trkpt lat="55.481140" lon="13.946950"><ele>25.1</ele></trkpt>
      <trkpt lat="55.481340" lon="13.946940"><ele>24.9</ele></trkpt>
      <trkpt lat="55.481990" lon="13.946670"><ele>24.6</ele></trkpt>
      <trkpt lat="55.482130" lon="13.946660"><ele>24.4</ele></trkpt>
      <trkpt lat="55.482240" lon="13.946720"><ele>24.3</ele></trkpt>
      <trkpt lat="55.482310" lon="13.946850"><ele>24.2</ele></trkpt>
      <trkpt lat="55.482630" lon="13.947500"><ele>24.2</ele></trkpt>
      <trkpt lat="55.482880" lon="13.947930"><ele>25.2</ele></trkpt>
      <trkpt lat="55.482980" lon="13.948200"><ele>25.9</ele></trkpt>
      <trkpt lat="55.483130" lon="13.948960"><ele>27.1</ele></trkpt>
      <trkpt lat="55.483340" lon="13.950180"><ele>30.0</ele></trkpt>
      <trkpt lat="55.483410" lon="13.950420"><ele>29.9</ele></trkpt>
      <trkpt lat="55.483570" lon="13.950350"><ele>29.7</ele></trkpt>
      <trkpt lat="55.484460" lon="13.950230"><ele>28.0</ele></trkpt>
      <trkpt lat="55.485340" lon="13.950110"><ele>26.9</ele></trkpt>
      <trkpt lat="55.486220" lon="13.949990"><ele>28.9</ele></trkpt>
      <trkpt lat="55.486980" lon="13.949910"><ele>29.2</ele></trkpt>
      <trkpt lat="55.487740" lon="13.949830"><ele>27.2</ele></trkpt>
      <trkpt lat="55.488490" lon="13.949750"><ele>24.5</ele></trkpt>
      <trkpt lat="55.489250" lon="13.949670"><ele>20.7</ele></trkpt>
      <trkpt lat="55.489890" lon="13.949530"><ele>17.7</ele></trkpt>
      <trkpt lat="55.490490" lon="13.949390"><ele>16.8</ele></trkpt>
      <trkpt lat="55.491060" lon="13.948970"><ele>16.7</ele></trkpt>
      <trkpt lat="55.491740" lon="13.948390"><ele>17.5</ele></trkpt>
      <trkpt lat="55.492420" lon="13.947810"><ele>19.4</ele></trkpt>
      <trkpt lat="55.492860" lon="13.947450"><ele>21.0</ele></trkpt>
      <trkpt lat="55.493290" lon="13.947090"><ele>22.8</ele></trkpt>
      <trkpt lat="55.493640" lon="13.946820"><ele>25.0</ele></trkpt>
      <trkpt lat="55.493900" lon="13.946690"><ele>26.8</ele></trkpt>
      <trkpt lat="55.494200" lon="13.946560"><ele>28.7</ele></trkpt>
      <trkpt lat="55.494520" lon="13.946610"><ele>29.7</ele></trkpt>
      <trkpt lat="55.495090" lon="13.946960"><ele>32.5</ele></trkpt>
      <trkpt lat="55.495660" lon="13.947320"><ele>35.9</ele></trkpt>
      <trkpt lat="55.496230" lon="13.947670"><ele>38.3</ele></trkpt>
      <trkpt lat="55.496630" lon="13.947880"><ele>39.0</ele></trkpt>
      <trkpt lat="55.496860" lon="13.947940"><ele>39.1</ele></trkpt>
      <trkpt lat="55.497160" lon="13.947920"><ele>39.3</ele></trkpt>
      <trkpt lat="55.497700" lon="13.947780"><ele>40.4</ele></trkpt>
      <trkpt lat="55.498230" lon="13.947650"><ele>42.8</ele></trkpt>
      <trkpt lat="55.498920" lon="13.947470"><ele>46.5</ele></trkpt>
      <trkpt lat="55.499600" lon="13.947290"><ele>47.7</ele></trkpt>
      <trkpt lat="55.500290" lon="13.947100"><ele>47.2</ele></trkpt>
      <trkpt lat="55.500970" lon="13.946920"><ele>45.8</ele></trkpt>
      <trkpt lat="55.501610" lon="13.946740"><ele>43.3</ele></trkpt>
      <trkpt lat="55.502250" lon="13.946560"><ele>42.9</ele></trkpt>
      <trkpt lat="55.502840" lon="13.946580"><ele>44.9</ele></trkpt>
      <trkpt lat="55.502850" lon="13.946630"><ele>45.1</ele></trkpt>
      <trkpt lat="55.503140" lon="13.946750"><ele>46.9</ele></trkpt>
      <trkpt lat="55.503760" lon="13.947100"><ele>50.1</ele></trkpt>
      <trkpt lat="55.504190" lon="13.947440"><ele>52.0</ele></trkpt>
      <trkpt lat="55.504360" lon="13.948020"><ele>53.2</ele></trkpt>
      <trkpt lat="55.504530" lon="13.949080"><ele>54.8</ele></trkpt>
      <trkpt lat="55.504730" lon="13.950510"><ele>56.2</ele></trkpt>
      <trkpt lat="55.504940" lon="13.951390"><ele>56.8</ele></trkpt>
      <trkpt lat="55.505240" lon="13.952450"><ele>58.2</ele></trkpt>
      <trkpt lat="55.505520" lon="13.952940"><ele>58.5</ele></trkpt>
      <trkpt lat="55.505950" lon="13.953360"><ele>58.1</ele></trkpt>
      <trkpt lat="55.506380" lon="13.953780"><ele>58.7</ele></trkpt>
      <trkpt lat="55.506630" lon="13.954000"><ele>59.0</ele></trkpt>
      <trkpt lat="55.506680" lon="13.954310"><ele>58.8</ele></trkpt>
      <trkpt lat="55.506730" lon="13.955080"><ele>58.1</ele></trkpt>
      <trkpt lat="55.506830" lon="13.956150"><ele>58.2</ele></trkpt>
      <trkpt lat="55.506940" lon="13.957180"><ele>58.3</ele></trkpt>
      <trkpt lat="55.507040" lon="13.958210"><ele>58.1</ele></trkpt>
      <trkpt lat="55.507130" lon="13.959550"><ele>58.9</ele></trkpt>
      <trkpt lat="55.507210" lon="13.960900"><ele>60.1</ele></trkpt>
      <trkpt lat="55.507290" lon="13.961930"><ele>61.0</ele></trkpt>
      <trkpt lat="55.507370" lon="13.962960"><ele>61.4</ele></trkpt>
      <trkpt lat="55.507570" lon="13.964440"><ele>62.2</ele></trkpt>
      <trkpt lat="55.507980" lon="13.965670"><ele>62.4</ele></trkpt>
      <trkpt lat="55.508370" lon="13.966750"><ele>62.0</ele></trkpt>
      <trkpt lat="55.509070" lon="13.966570"><ele>61.0</ele></trkpt>
      <trkpt lat="55.509760" lon="13.966390"><ele>61.6</ele></trkpt>
      <trkpt lat="55.510560" lon="13.966170"><ele>61.6</ele></trkpt>
      <trkpt lat="55.511360" lon="13.965940"><ele>60.5</ele></trkpt>
      <trkpt lat="55.512160" lon="13.965720"><ele>60.0</ele></trkpt>
      <trkpt lat="55.512970" lon="13.965500"><ele>60.0</ele></trkpt>
      <trkpt lat="55.513740" lon="13.965250"><ele>60.1</ele></trkpt>
      <trkpt lat="55.514450" lon="13.964880"><ele>60.1</ele></trkpt>
      <trkpt lat="55.514880" lon="13.964530"><ele>60.1</ele></trkpt>
      <trkpt lat="55.515310" lon="13.964170"><ele>60.0</ele></trkpt>
      <trkpt lat="55.516080" lon="13.963480"><ele>60.0</ele></trkpt>
      <trkpt lat="55.516850" lon="13.962790"><ele>60.2</ele></trkpt>
      <trkpt lat="55.517620" lon="13.962110"><ele>61.3</ele></trkpt>
      <trkpt lat="55.518090" lon="13.961660"><ele>62.4</ele></trkpt>
      <trkpt lat="55.518800" lon="13.961060"><ele>61.4</ele></trkpt>
      <trkpt lat="55.519510" lon="13.960450"><ele>60.6</ele></trkpt>
      <trkpt lat="55.520220" lon="13.959850"><ele>60.1</ele></trkpt>
      <trkpt lat="55.520730" lon="13.959530"><ele>60.3</ele></trkpt>
      <trkpt lat="55.521420" lon="13.959450"><ele>58.5</ele></trkpt>
      <trkpt lat="55.522090" lon="13.959580"><ele>54.2</ele></trkpt>
      <trkpt lat="55.522630" lon="13.959910"><ele>51.7</ele></trkpt>
      <trkpt lat="55.523300" lon="13.960610"><ele>49.4</ele></trkpt>
      <trkpt lat="55.523700" lon="13.961060"><ele>47.9</ele></trkpt>
      <trkpt lat="55.524100" lon="13.961510"><ele>45.8</ele></trkpt>
      <trkpt lat="55.524420" lon="13.961740"><ele>44.0</ele></trkpt>
      <trkpt lat="55.524860" lon="13.961860"><ele>40.0</ele></trkpt>
      <trkpt lat="55.525190" lon="13.961830"><ele>37.8</ele></trkpt>
      <trkpt lat="55.525560" lon="13.961700"><ele>37.4</ele></trkpt>
      <trkpt lat="55.525660" lon="13.961670"><ele>37.3</ele></trkpt>
      <trkpt lat="55.526280" lon="13.961520"><ele>36.7</ele></trkpt>
      <trkpt lat="55.526490" lon="13.961480"><ele>37.3</ele></trkpt>
      <trkpt lat="55.527050" lon="13.961440"><ele>42.3</ele></trkpt>
      <trkpt lat="55.527440" lon="13.961520"><ele>46.4</ele></trkpt>
      <trkpt lat="55.528070" lon="13.961740"><ele>47.6</ele></trkpt>
      <trkpt lat="55.528870" lon="13.962000"><ele>50.0</ele></trkpt>
      <trkpt lat="55.529670" lon="13.962260"><ele>50.2</ele></trkpt>
      <trkpt lat="55.530330" lon="13.962250"><ele>50.6</ele></trkpt>
      <trkpt lat="55.530900" lon="13.962160"><ele>51.6</ele></trkpt>
      <trkpt lat="55.531360" lon="13.962000"><ele>53.4</ele></trkpt>
      <trkpt lat="55.531880" lon="13.961700"><ele>55.4</ele></trkpt>
      <trkpt lat="55.532340" lon="13.961340"><ele>57.1</ele></trkpt>
      <trkpt lat="55.532610" lon="13.961100"><ele>58.4</ele></trkpt>
      <trkpt lat="55.533350" lon="13.960320"><ele>63.1</ele></trkpt>
      <trkpt lat="55.534100" lon="13.959530"><ele>66.2</ele></trkpt>
      <trkpt lat="55.534730" lon="13.958840"><ele>66.9</ele></trkpt>
      <trkpt lat="55.535360" lon="13.958160"><ele>67.0</ele></trkpt>
      <trkpt lat="55.536000" lon="13.957480"><ele>66.0</ele></trkpt>
      <trkpt lat="55.536630" lon="13.956790"><ele>66.0</ele></trkpt>
      <trkpt lat="55.536900" lon="13.956570"><ele>65.8</ele></trkpt>
      <trkpt lat="55.537000" lon="13.956610"><ele>65.7</ele></trkpt>
      <trkpt lat="55.537070" lon="13.956580"><ele>65.6</ele></trkpt>
      <trkpt lat="55.537110" lon="13.956490"><ele>65.7</ele></trkpt>
      <trkpt lat="55.537140" lon="13.956350"><ele>65.9</ele></trkpt>
      <trkpt lat="55.537740" lon="13.955880"><ele>66.6</ele></trkpt>
      <trkpt lat="55.538140" lon="13.955620"><ele>66.5</ele></trkpt>
      <trkpt lat="55.538730" lon="13.955280"><ele>66.3</ele></trkpt>
      <trkpt lat="55.539570" lon="13.954860"><ele>65.7</ele></trkpt>
      <trkpt lat="55.540400" lon="13.954440"><ele>65.7</ele></trkpt>
      <trkpt lat="55.541230" lon="13.954030"><ele>65.0</ele></trkpt>
      <trkpt lat="55.541390" lon="13.953960"><ele>64.7</ele></trkpt>
      <trkpt lat="55.541470" lon="13.953940"><ele>64.5</ele></trkpt>
      <trkpt lat="55.541720" lon="13.953910"><ele>64.0</ele></trkpt>
      <trkpt lat="55.541850" lon="13.953960"><ele>64.0</ele></trkpt>
      <trkpt lat="55.542130" lon="13.954160"><ele>64.0</ele></trkpt>
      <trkpt lat="55.542970" lon="13.954650"><ele>64.8</ele></trkpt>
      <trkpt lat="55.543800" lon="13.955150"><ele>64.4</ele></trkpt>
      <trkpt lat="55.544260" lon="13.955470"><ele>64.0</ele></trkpt>
      <trkpt lat="55.544710" lon="13.955760"><ele>64.0</ele></trkpt>
      <trkpt lat="55.545160" lon="13.956040"><ele>64.1</ele></trkpt>
      <trkpt lat="55.545480" lon="13.954810"><ele>64.4</ele></trkpt>
      <trkpt lat="55.545810" lon="13.953570"><ele>63.3</ele></trkpt>
      <trkpt lat="55.546040" lon="13.952700"><ele>64.1</ele></trkpt>
      <trkpt lat="55.546260" lon="13.951820"><ele>64.5</ele></trkpt>
      <trkpt lat="55.546490" lon="13.950800"><ele>65.0</ele></trkpt>
      <trkpt lat="55.546650" lon="13.950010"><ele>65.0</ele></trkpt>
      <trkpt lat="55.546740" lon="13.949630"><ele>65.1</ele></trkpt>
      <trkpt lat="55.546770" lon="13.949580"><ele>65.2</ele></trkpt>
      <trkpt lat="55.547280" lon="13.949300"><ele>65.9</ele></trkpt>
      <trkpt lat="55.548020" lon="13.948910"><ele>66.0</ele></trkpt>
      <trkpt lat="55.548770" lon="13.948520"><ele>66.5</ele></trkpt>
      <trkpt lat="55.549470" lon="13.948140"><ele>66.5</ele></trkpt>
      <trkpt lat="55.550180" lon="13.947760"><ele>65.8</ele></trkpt>
      <trkpt lat="55.550880" lon="13.947380"><ele>64.9</ele></trkpt>
      <trkpt lat="55.551460" lon="13.947260"><ele>64.2</ele></trkpt>
      <trkpt lat="55.551710" lon="13.947300"><ele>64.1</ele></trkpt>
      <trkpt lat="55.551750" lon="13.947240"><ele>64.1</ele></trkpt>
      <trkpt lat="55.552180" lon="13.947370"><ele>64.6</ele></trkpt>
      <trkpt lat="55.552550" lon="13.947120"><ele>65.1</ele></trkpt>
      <trkpt lat="55.552780" lon="13.947020"><ele>65.3</ele></trkpt>
      <trkpt lat="55.552920" lon="13.946570"><ele>65.4</ele></trkpt>
      <trkpt lat="55.553000" lon="13.946350"><ele>65.2</ele></trkpt>
      <trkpt lat="55.553020" lon="13.946190"><ele>65.1</ele></trkpt>
      <trkpt lat="55.553000" lon="13.945820"><ele>64.6</ele></trkpt>
      <trkpt lat="55.553500" lon="13.945500"><ele>64.9</ele></trkpt>
      <trkpt lat="55.554330" lon="13.945050"><ele>64.0</ele></trkpt>
      <trkpt lat="55.555170" lon="13.944590"><ele>64.6</ele></trkpt>
      <trkpt lat="55.556000" lon="13.944140"><ele>65.2</ele></trkpt>
      <trkpt lat="55.556840" lon="13.943690"><ele>66.0</ele></trkpt>
      <trkpt lat="55.557670" lon="13.943230"><ele>64.6</ele></trkpt>
      <trkpt lat="55.557780" lon="13.943180"><ele>64.4</ele></trkpt>
      <trkpt lat="55.558520" lon="13.942780"><ele>63.3</ele></trkpt>
      <trkpt lat="55.559260" lon="13.942370"><ele>63.2</ele></trkpt>
      <trkpt lat="55.560000" lon="13.941970"><ele>64.4</ele></trkpt>
      <trkpt lat="55.560740" lon="13.941570"><ele>64.9</ele></trkpt>
      <trkpt lat="55.560860" lon="13.942560"><ele>65.0</ele></trkpt>
      <trkpt lat="55.560970" lon="13.943540"><ele>65.3</ele></trkpt>
      <trkpt lat="55.561090" lon="13.943870"><ele>64.6</ele></trkpt>
      <trkpt lat="55.561260" lon="13.943960"><ele>64.1</ele></trkpt>
      <trkpt lat="55.561890" lon="13.943890"><ele>63.0</ele></trkpt>
      <trkpt lat="55.562550" lon="13.943850"><ele>63.0</ele></trkpt>
      <trkpt lat="55.563190" lon="13.943590"><ele>63.0</ele></trkpt>
      <trkpt lat="55.563830" lon="13.943320"><ele>64.2</ele></trkpt>
      <trkpt lat="55.563950" lon="13.943290"><ele>64.4</ele></trkpt>
      <trkpt lat="55.564120" lon="13.943370"><ele>64.8</ele></trkpt>
      <trkpt lat="55.564460" lon="13.944270"><ele>63.8</ele></trkpt>
      <trkpt lat="55.564710" lon="13.943680"><ele>64.6</ele></trkpt>
      <trkpt lat="55.564960" lon="13.943220"><ele>65.0</ele></trkpt>
      <trkpt lat="55.565360" lon="13.941970"><ele>64.6</ele></trkpt>
      <trkpt lat="55.565760" lon="13.940730"><ele>61.8</ele></trkpt>
      <trkpt lat="55.566170" lon="13.939410"><ele>61.5</ele></trkpt>
      <trkpt lat="55.566580" lon="13.938100"><ele>62.5</ele></trkpt>
      <trkpt lat="55.567000" lon="13.936780"><ele>62.6</ele></trkpt>
      <trkpt lat="55.567330" lon="13.935610"><ele>63.2</ele></trkpt>
      <trkpt lat="55.567670" lon="13.934440"><ele>62.4</ele></trkpt>
      <trkpt lat="55.568010" lon="13.933270"><ele>62.6</ele></trkpt>
      <trkpt lat="55.568340" lon="13.932100"><ele>64.5</ele></trkpt>
      <trkpt lat="55.568680" lon="13.931010"><ele>64.6</ele></trkpt>
      <trkpt lat="55.569020" lon="13.929920"><ele>65.2</ele></trkpt>
      <trkpt lat="55.569170" lon="13.929350"><ele>65.2</ele></trkpt>
      <trkpt lat="55.569290" lon="13.928850"><ele>65.2</ele></trkpt>
      <trkpt lat="55.569360" lon="13.928390"><ele>65.2</ele></trkpt>
      <trkpt lat="55.569370" lon="13.928090"><ele>64.9</ele></trkpt>
      <trkpt lat="55.569360" lon="13.927300"><ele>63.8</ele></trkpt>
      <trkpt lat="55.570060" lon="13.927510"><ele>66.8</ele></trkpt>
      <trkpt lat="55.570760" lon="13.927720"><ele>64.6</ele></trkpt>
      <trkpt lat="55.570920" lon="13.927800"><ele>64.0</ele></trkpt>
      <trkpt lat="55.571070" lon="13.927900"><ele>63.4</ele></trkpt>
      <trkpt lat="55.571520" lon="13.928200"><ele>61.0</ele></trkpt>
      <trkpt lat="55.571970" lon="13.928490"><ele>60.5</ele></trkpt>
      <trkpt lat="55.572300" lon="13.928710"><ele>60.1</ele></trkpt>
      <trkpt lat="55.572660" lon="13.928990"><ele>59.8</ele></trkpt>
      <trkpt lat="55.572740" lon="13.929020"><ele>59.8</ele></trkpt>
      <trkpt lat="55.572840" lon="13.929000"><ele>59.8</ele></trkpt>
      <trkpt lat="55.572960" lon="13.928880"><ele>59.7</ele></trkpt>
      <trkpt lat="55.573110" lon="13.928760"><ele>59.5</ele></trkpt>
      <trkpt lat="55.573590" lon="13.928570"><ele>59.2</ele></trkpt>
      <trkpt lat="55.574470" lon="13.928310"><ele>59.0</ele></trkpt>
      <trkpt lat="55.575360" lon="13.928060"><ele>59.4</ele></trkpt>
      <trkpt lat="55.576240" lon="13.927800"><ele>60.5</ele></trkpt>
      <trkpt lat="55.577120" lon="13.927540"><ele>62.6</ele></trkpt>
      <trkpt lat="55.578010" lon="13.927290"><ele>65.2</ele></trkpt>
      <trkpt lat="55.578890" lon="13.927030"><ele>66.0</ele></trkpt>
      <trkpt lat="55.579780" lon="13.926770"><ele>67.5</ele></trkpt>
      <trkpt lat="55.580520" lon="13.926680"><ele>68.6</ele></trkpt>
      <trkpt lat="55.581050" lon="13.926500"><ele>68.9</ele></trkpt>
      <trkpt lat="55.581590" lon="13.926320"><ele>69.3</ele></trkpt>
      <trkpt lat="55.582420" lon="13.926050"><ele>69.5</ele></trkpt>
      <trkpt lat="55.583260" lon="13.925780"><ele>70.0</ele></trkpt>
      <trkpt lat="55.584100" lon="13.925520"><ele>70.0</ele></trkpt>
      <trkpt lat="55.584440" lon="13.925460"><ele>70.0</ele></trkpt>
      <trkpt lat="55.584540" lon="13.925450"><ele>70.0</ele></trkpt>
      <trkpt lat="55.584870" lon="13.925480"><ele>70.0</ele></trkpt>
      <trkpt lat="55.585150" lon="13.925570"><ele>70.1</ele></trkpt>
      <trkpt lat="55.585740" lon="13.925780"><ele>70.8</ele></trkpt>
      <trkpt lat="55.586320" lon="13.925990"><ele>71.2</ele></trkpt>
      <trkpt lat="55.586890" lon="13.926130"><ele>71.9</ele></trkpt>
      <trkpt lat="55.587500" lon="13.925980"><ele>73.2</ele></trkpt>
      <trkpt lat="55.588200" lon="13.925340"><ele>73.2</ele></trkpt>
      <trkpt lat="55.588960" lon="13.924560"><ele>72.7</ele></trkpt>
      <trkpt lat="55.589730" lon="13.923780"><ele>72.7</ele></trkpt>
      <trkpt lat="55.590490" lon="13.923010"><ele>73.0</ele></trkpt>
      <trkpt lat="55.591260" lon="13.922230"><ele>73.6</ele></trkpt>
      <trkpt lat="55.591900" lon="13.921620"><ele>73.3</ele></trkpt>
      <trkpt lat="55.592540" lon="13.921010"><ele>74.8</ele></trkpt>
      <trkpt lat="55.593180" lon="13.920400"><ele>76.2</ele></trkpt>
      <trkpt lat="55.593820" lon="13.919790"><ele>76.4</ele></trkpt>
      <trkpt lat="55.594340" lon="13.919310"><ele>77.2</ele></trkpt>
      <trkpt lat="55.594860" lon="13.918830"><ele>78.7</ele></trkpt>
      <trkpt lat="55.595400" lon="13.918320"><ele>77.5</ele></trkpt>
      <trkpt lat="55.595940" lon="13.917810"><ele>74.8</ele></trkpt>
      <trkpt lat="55.596490" lon="13.917300"><ele>75.9</ele></trkpt>
      <trkpt lat="55.597020" lon="13.916950"><ele>78.9</ele></trkpt>
      <trkpt lat="55.597340" lon="13.916960"><ele>80.2</ele></trkpt>
      <trkpt lat="55.597800" lon="13.917090"><ele>81.2</ele></trkpt>
      <trkpt lat="55.598500" lon="13.917250"><ele>82.1</ele></trkpt>
      <trkpt lat="55.599120" lon="13.917380"><ele>82.4</ele></trkpt>
      <trkpt lat="55.599740" lon="13.917510"><ele>82.0</ele></trkpt>
      <trkpt lat="55.600310" lon="13.917600"><ele>81.4</ele></trkpt>
      <trkpt lat="55.601020" lon="13.917770"><ele>80.0</ele></trkpt>
      <trkpt lat="55.601730" lon="13.917930"><ele>78.4</ele></trkpt>
      <trkpt lat="55.602440" lon="13.918090"><ele>77.6</ele></trkpt>
      <trkpt lat="55.603290" lon="13.918300"><ele>78.0</ele></trkpt>
      <trkpt lat="55.603880" lon="13.918510"><ele>76.5</ele></trkpt>
      <trkpt lat="55.604470" lon="13.918710"><ele>76.0</ele></trkpt>
      <trkpt lat="55.605060" lon="13.918910"><ele>76.0</ele></trkpt>
      <trkpt lat="55.605280" lon="13.919000"><ele>76.3</ele></trkpt>
      <trkpt lat="55.605420" lon="13.919100"><ele>76.5</ele></trkpt>
      <trkpt lat="55.605740" lon="13.919390"><ele>77.1</ele></trkpt>
      <trkpt lat="55.606010" lon="13.919670"><ele>77.8</ele></trkpt>
      <trkpt lat="55.606190" lon="13.919820"><ele>78.2</ele></trkpt>
      <trkpt lat="55.606320" lon="13.919880"><ele>78.4</ele></trkpt>
      <trkpt lat="55.606440" lon="13.919850"><ele>78.5</ele></trkpt>
      <trkpt lat="55.606710" lon="13.919720"><ele>78.6</ele></trkpt>
      <trkpt lat="55.607120" lon="13.919570"><ele>78.5</ele></trkpt>
      <trkpt lat="55.607240" lon="13.919540"><ele>78.5</ele></trkpt>
      <trkpt lat="55.607480" lon="13.919540"><ele>78.5</ele></trkpt>
      <trkpt lat="55.608230" lon="13.919750"><ele>81.3</ele></trkpt>
      <trkpt lat="55.608990" lon="13.919950"><ele>81.9</ele></trkpt>
      <trkpt lat="55.609320" lon="13.920070"><ele>82.1</ele></trkpt>
      <trkpt lat="55.609650" lon="13.920160"><ele>82.0</ele></trkpt>
      <trkpt lat="55.609550" lon="13.920610"><ele>82.1</ele></trkpt>
      <trkpt lat="55.609470" lon="13.921180"><ele>82.4</ele></trkpt>
      <trkpt lat="55.609350" lon="13.922200"><ele>82.5</ele></trkpt>
      <trkpt lat="55.609090" lon="13.923530"><ele>81.5</ele></trkpt>
      <trkpt lat="55.608890" lon="13.924720"><ele>78.9</ele></trkpt>
      <trkpt lat="55.608790" lon="13.925550"><ele>78.5</ele></trkpt>
      <trkpt lat="55.608730" lon="13.926480"><ele>78.5</ele></trkpt>
      <trkpt lat="55.608720" lon="13.927740"><ele>79.1</ele></trkpt>
      <trkpt lat="55.608700" lon="13.929000"><ele>78.6</ele></trkpt>
      <trkpt lat="55.608680" lon="13.930260"><ele>76.4</ele></trkpt>
      <trkpt lat="55.608680" lon="13.931420"><ele>76.7</ele></trkpt>
      <trkpt lat="55.608690" lon="13.932450"><ele>76.9</ele></trkpt>
      <trkpt lat="55.608750" lon="13.933640"><ele>77.1</ele></trkpt>
      <trkpt lat="55.608840" lon="13.934920"><ele>75.0</ele></trkpt>
      <trkpt lat="55.608960" lon="13.936410"><ele>74.7</ele></trkpt>
      <trkpt lat="55.609080" lon="13.937890"><ele>75.3</ele></trkpt>
      <trkpt lat="55.609160" lon="13.938870"><ele>76.0</ele></trkpt>
      <trkpt lat="55.609250" lon="13.939860"><ele>76.2</ele></trkpt>
      <trkpt lat="55.609430" lon="13.939840"><ele>76.6</ele></trkpt>
      <trkpt lat="55.610130" lon="13.939890"><ele>78.1</ele></trkpt>
      <trkpt lat="55.610840" lon="13.939950"><ele>79.0</ele></trkpt>
      <trkpt lat="55.611550" lon="13.940010"><ele>80.7</ele></trkpt>
      <trkpt lat="55.612240" lon="13.940070"><ele>80.5</ele></trkpt>
      <trkpt lat="55.612930" lon="13.940130"><ele>81.9</ele></trkpt>
      <trkpt lat="55.613530" lon="13.939900"><ele>82.8</ele></trkpt>
      <trkpt lat="55.614170" lon="13.939600"><ele>82.5</ele></trkpt>
      <trkpt lat="55.614810" lon="13.939300"><ele>84.4</ele></trkpt>
      <trkpt lat="55.615440" lon="13.938990"><ele>85.0</ele></trkpt>
      <trkpt lat="55.616280" lon="13.938540"><ele>86.6</ele></trkpt>
      <trkpt lat="55.617110" lon="13.938140"><ele>88.7</ele></trkpt>
      <trkpt lat="55.617940" lon="13.937740"><ele>89.0</ele></trkpt>
      <trkpt lat="55.618650" lon="13.937410"><ele>89.4</ele></trkpt>
      <trkpt lat="55.619360" lon="13.937080"><ele>90.5</ele></trkpt>
      <trkpt lat="55.620010" lon="13.936610"><ele>91.9</ele></trkpt>
      <trkpt lat="55.620610" lon="13.936150"><ele>92.2</ele></trkpt>
      <trkpt lat="55.621200" lon="13.935690"><ele>92.7</ele></trkpt>
      <trkpt lat="55.621730" lon="13.935400"><ele>93.8</ele></trkpt>
      <trkpt lat="55.622570" lon="13.935110"><ele>97.2</ele></trkpt>
      <trkpt lat="55.623120" lon="13.934680"><ele>96.1</ele></trkpt>
      <trkpt lat="55.623670" lon="13.933950"><ele>96.0</ele></trkpt>
      <trkpt lat="55.624210" lon="13.933230"><ele>96.2</ele></trkpt>
      <trkpt lat="55.624750" lon="13.932200"><ele>97.0</ele></trkpt>
      <trkpt lat="55.625290" lon="13.931170"><ele>97.9</ele></trkpt>
      <trkpt lat="55.625720" lon="13.930220"><ele>98.0</ele></trkpt>
      <trkpt lat="55.626140" lon="13.929270"><ele>99.2</ele></trkpt>
      <trkpt lat="55.626560" lon="13.928330"><ele>99.9</ele></trkpt>
      <trkpt lat="55.626740" lon="13.927180"><ele>99.0</ele></trkpt>
      <trkpt lat="55.626930" lon="13.926020"><ele>98.2</ele></trkpt>
      <trkpt lat="55.627110" lon="13.924870"><ele>98.0</ele></trkpt>
      <trkpt lat="55.627470" lon="13.923770"><ele>98.9</ele></trkpt>
      <trkpt lat="55.627830" lon="13.922670"><ele>97.7</ele></trkpt>
      <trkpt lat="55.628190" lon="13.921580"><ele>96.7</ele></trkpt>
      <trkpt lat="55.628550" lon="13.920480"><ele>96.4</ele></trkpt>
      <trkpt lat="55.628730" lon="13.920290"><ele>96.6</ele></trkpt>
      <trkpt lat="55.629190" lon="13.920040"><ele>97.0</ele></trkpt>
      <trkpt lat="55.629310" lon="13.919990"><ele>96.8</ele></trkpt>
      <trkpt lat="55.630080" lon="13.919420"><ele>94.5</ele></trkpt>
      <trkpt lat="55.630520" lon="13.919160"><ele>94.0</ele></trkpt>
      <trkpt lat="55.630970" lon="13.918900"><ele>94.2</ele></trkpt>
      <trkpt lat="55.631790" lon="13.918780"><ele>95.4</ele></trkpt>
      <trkpt lat="55.632170" lon="13.918510"><ele>95.3</ele></trkpt>
      <trkpt lat="55.632610" lon="13.917670"><ele>94.9</ele></trkpt>
      <trkpt lat="55.633050" lon="13.916840"><ele>93.8</ele></trkpt>
      <trkpt lat="55.633640" lon="13.915920"><ele>94.1</ele></trkpt>
      <trkpt lat="55.634230" lon="13.915010"><ele>94.0</ele></trkpt>
      <trkpt lat="55.634830" lon="13.914100"><ele>93.4</ele></trkpt>
      <trkpt lat="55.635420" lon="13.913180"><ele>92.6</ele></trkpt>
      <trkpt lat="55.635450" lon="13.912990"><ele>92.6</ele></trkpt>
      <trkpt lat="55.635530" lon="13.912400"><ele>92.7</ele></trkpt>
      <trkpt lat="55.635630" lon="13.910830"><ele>91.2</ele></trkpt>
      <trkpt lat="55.635730" lon="13.909260"><ele>90.8</ele></trkpt>
      <trkpt lat="55.635790" lon="13.908360"><ele>90.9</ele></trkpt>
      <trkpt lat="55.635860" lon="13.907450"><ele>90.0</ele></trkpt>
      <trkpt lat="55.635980" lon="13.906060"><ele>88.6</ele></trkpt>
      <trkpt lat="55.636100" lon="13.904670"><ele>87.5</ele></trkpt>
      <trkpt lat="55.636200" lon="13.903310"><ele>85.4</ele></trkpt>
      <trkpt lat="55.636290" lon="13.901960"><ele>84.2</ele></trkpt>
      <trkpt lat="55.636390" lon="13.900600"><ele>83.3</ele></trkpt>
      <trkpt lat="55.636490" lon="13.899240"><ele>83.7</ele></trkpt>
      <trkpt lat="55.636580" lon="13.897890"><ele>84.3</ele></trkpt>
      <trkpt lat="55.636680" lon="13.896530"><ele>83.7</ele></trkpt>
      <trkpt lat="55.636780" lon="13.895180"><ele>81.3</ele></trkpt>
      <trkpt lat="55.636920" lon="13.894730"><ele>81.0</ele></trkpt>
      <trkpt lat="55.637170" lon="13.894640"><ele>81.2</ele></trkpt>
      <trkpt lat="55.638040" lon="13.894560"><ele>81.8</ele></trkpt>
      <trkpt lat="55.638900" lon="13.894480"><ele>80.8</ele></trkpt>
      <trkpt lat="55.639770" lon="13.894400"><ele>80.1</ele></trkpt>
      <trkpt lat="55.640640" lon="13.894310"><ele>79.5</ele></trkpt>
      <trkpt lat="55.641500" lon="13.894230"><ele>79.2</ele></trkpt>
      <trkpt lat="55.642370" lon="13.894150"><ele>79.0</ele></trkpt>
      <trkpt lat="55.643240" lon="13.894070"><ele>78.1</ele></trkpt>
      <trkpt lat="55.644100" lon="13.893990"><ele>78.0</ele></trkpt>
      <trkpt lat="55.644970" lon="13.893910"><ele>79.9</ele></trkpt>
      <trkpt lat="55.645070" lon="13.892530"><ele>80.9</ele></trkpt>
      <trkpt lat="55.645120" lon="13.891960"><ele>80.8</ele></trkpt>
      <trkpt lat="55.645390" lon="13.891820"><ele>80.2</ele></trkpt>
      <trkpt lat="55.645670" lon="13.891650"><ele>79.4</ele></trkpt>
      <trkpt lat="55.645920" lon="13.891370"><ele>78.5</ele></trkpt>
      <trkpt lat="55.646610" lon="13.890500"><ele>78.4</ele></trkpt>
      <trkpt lat="55.647180" lon="13.891260"><ele>79.3</ele></trkpt>
      <trkpt lat="55.647750" lon="13.892030"><ele>80.5</ele></trkpt>
      <trkpt lat="55.648310" lon="13.892790"><ele>80.3</ele></trkpt>
      <trkpt lat="55.648780" lon="13.893400"><ele>78.5</ele></trkpt>
      <trkpt lat="55.649260" lon="13.894010"><ele>79.1</ele></trkpt>
      <trkpt lat="55.649770" lon="13.894430"><ele>80.5</ele></trkpt>
      <trkpt lat="55.650540" lon="13.895180"><ele>82.3</ele></trkpt>
      <trkpt lat="55.651110" lon="13.896260"><ele>83.5</ele></trkpt>
      <trkpt lat="55.651480" lon="13.897050"><ele>84.9</ele></trkpt>
      <trkpt lat="55.651860" lon="13.897840"><ele>86.7</ele></trkpt>
      <trkpt lat="55.651930" lon="13.898000"><ele>87.1</ele></trkpt>
      <trkpt lat="55.652010" lon="13.898240"><ele>87.7</ele></trkpt>
      <trkpt lat="55.652370" lon="13.899540"><ele>86.0</ele></trkpt>
      <trkpt lat="55.652750" lon="13.900470"><ele>85.5</ele></trkpt>
      <trkpt lat="55.653170" lon="13.901200"><ele>87.3</ele></trkpt>
      <trkpt lat="55.653580" lon="13.901930"><ele>89.0</ele></trkpt>
      <trkpt lat="55.653910" lon="13.902550"><ele>89.0</ele></trkpt>
      <trkpt lat="55.654250" lon="13.903170"><ele>88.1</ele></trkpt>
      <trkpt lat="55.654630" lon="13.903740"><ele>87.7</ele></trkpt>
      <trkpt lat="55.654900" lon="13.903980"><ele>87.8</ele></trkpt>
      <trkpt lat="55.655300" lon="13.904290"><ele>88.2</ele></trkpt>
      <trkpt lat="55.655960" lon="13.904680"><ele>87.9</ele></trkpt>
      <trkpt lat="55.656630" lon="13.905070"><ele>88.0</ele></trkpt>
      <trkpt lat="55.657110" lon="13.905360"><ele>89.6</ele></trkpt>
      <trkpt lat="55.657590" lon="13.905650"><ele>90.9</ele></trkpt>
      <trkpt lat="55.658340" lon="13.906050"><ele>90.3</ele></trkpt>
      <trkpt lat="55.658830" lon="13.906190"><ele>90.4</ele></trkpt>
      <trkpt lat="55.659380" lon="13.906190"><ele>90.7</ele></trkpt>
      <trkpt lat="55.659930" lon="13.906200"><ele>91.4</ele></trkpt>
      <trkpt lat="55.660700" lon="13.906180"><ele>92.6</ele></trkpt>
      <trkpt lat="55.661460" lon="13.906160"><ele>93.2</ele></trkpt>
      <trkpt lat="55.662220" lon="13.906140"><ele>94.7</ele></trkpt>
      <trkpt lat="55.662980" lon="13.906120"><ele>95.3</ele></trkpt>
      <trkpt lat="55.663750" lon="13.906110"><ele>95.8</ele></trkpt>
      <trkpt lat="55.664310" lon="13.906200"><ele>96.4</ele></trkpt>
      <trkpt lat="55.664770" lon="13.906750"><ele>97.0</ele></trkpt>
      <trkpt lat="55.665230" lon="13.907300"><ele>96.2</ele></trkpt>
      <trkpt lat="55.665550" lon="13.907870"><ele>95.2</ele></trkpt>
      <trkpt lat="55.665950" lon="13.908760"><ele>95.0</ele></trkpt>
      <trkpt lat="55.666360" lon="13.909650"><ele>95.4</ele></trkpt>
      <trkpt lat="55.666770" lon="13.910540"><ele>96.0</ele></trkpt>
      <trkpt lat="55.666970" lon="13.910830"><ele>96.0</ele></trkpt>
      <trkpt lat="55.667470" lon="13.911430"><ele>95.3</ele></trkpt>
      <trkpt lat="55.667960" lon="13.912040"><ele>95.2</ele></trkpt>
      <trkpt lat="55.668410" lon="13.912610"><ele>96.2</ele></trkpt>
      <trkpt lat="55.668860" lon="13.913170"><ele>97.4</ele></trkpt>
      <trkpt lat="55.669400" lon="13.914020"><ele>98.6</ele></trkpt>
      <trkpt lat="55.669920" lon="13.915010"><ele>100.8</ele></trkpt>
      <trkpt lat="55.670190" lon="13.915780"><ele>100.0</ele></trkpt>
      <trkpt lat="55.670460" lon="13.916540"><ele>99.2</ele></trkpt>
      <trkpt lat="55.670890" lon="13.917880"><ele>98.8</ele></trkpt>
      <trkpt lat="55.671310" lon="13.919210"><ele>101.4</ele></trkpt>
      <trkpt lat="55.671730" lon="13.920540"><ele>103.0</ele></trkpt>
      <trkpt lat="55.672150" lon="13.921880"><ele>102.4</ele></trkpt>
      <trkpt lat="55.672570" lon="13.923210"><ele>102.6</ele></trkpt>
      <trkpt lat="55.672820" lon="13.923920"><ele>102.3</ele></trkpt>
      <trkpt lat="55.673060" lon="13.924640"><ele>102.1</ele></trkpt>
      <trkpt lat="55.673380" lon="13.925650"><ele>101.1</ele></trkpt>
      <trkpt lat="55.673700" lon="13.926660"><ele>101.6</ele></trkpt>
      <trkpt lat="55.674020" lon="13.927670"><ele>103.6</ele></trkpt>
      <trkpt lat="55.674440" lon="13.928850"><ele>105.4</ele></trkpt>
      <trkpt lat="55.674930" lon="13.930020"><ele>106.1</ele></trkpt>
      <trkpt lat="55.675410" lon="13.931020"><ele>106.4</ele></trkpt>
      <trkpt lat="55.675890" lon="13.932010"><ele>107.5</ele></trkpt>
      <trkpt lat="55.676370" lon="13.933000"><ele>111.3</ele></trkpt>
      <trkpt lat="55.676930" lon="13.934040"><ele>112.5</ele></trkpt>
      <trkpt lat="55.677480" lon="13.935070"><ele>112.0</ele></trkpt>
      <trkpt lat="55.678040" lon="13.936110"><ele>111.9</ele></trkpt>
      <trkpt lat="55.678560" lon="13.937000"><ele>113.5</ele></trkpt>
      <trkpt lat="55.679180" lon="13.937840"><ele>112.4</ele></trkpt>
      <trkpt lat="55.679660" lon="13.938390"><ele>111.3</ele></trkpt>
      <trkpt lat="55.680390" lon="13.939310"><ele>110.9</ele></trkpt>
      <trkpt lat="55.680810" lon="13.939780"><ele>109.6</ele></trkpt>
      <trkpt lat="55.681220" lon="13.940170"><ele>110.3</ele></trkpt>
      <trkpt lat="55.681590" lon="13.940460"><ele>110.8</ele></trkpt>
      <trkpt lat="55.682230" lon="13.940870"><ele>109.9</ele></trkpt>
      <trkpt lat="55.682880" lon="13.941280"><ele>108.1</ele></trkpt>
      <trkpt lat="55.683520" lon="13.941690"><ele>107.8</ele></trkpt>
      <trkpt lat="55.684130" lon="13.942100"><ele>109.1</ele></trkpt>
      <trkpt lat="55.684750" lon="13.942500"><ele>111.7</ele></trkpt>
      <trkpt lat="55.685360" lon="13.942900"><ele>113.1</ele></trkpt>
      <trkpt lat="55.686020" lon="13.943590"><ele>113.5</ele></trkpt>
      <trkpt lat="55.686760" lon="13.944340"><ele>111.3</ele></trkpt>
      <trkpt lat="55.687500" lon="13.945090"><ele>111.2</ele></trkpt>
      <trkpt lat="55.688240" lon="13.945840"><ele>105.9</ele></trkpt>
      <trkpt lat="55.688980" lon="13.946580"><ele>104.9</ele></trkpt>
      <trkpt lat="55.689730" lon="13.947330"><ele>105.8</ele></trkpt>
      <trkpt lat="55.690370" lon="13.948070"><ele>101.1</ele></trkpt>
      <trkpt lat="55.691010" lon="13.948810"><ele>97.9</ele></trkpt>
      <trkpt lat="55.691110" lon="13.948950"><ele>97.5</ele></trkpt>
      <trkpt lat="55.691620" lon="13.949560"><ele>96.1</ele></trkpt>
      <trkpt lat="55.692140" lon="13.950160"><ele>103.2</ele></trkpt>
      <trkpt lat="55.692660" lon="13.950770"><ele>112.9</ele></trkpt>
      <trkpt lat="55.693290" lon="13.951190"><ele>117.4</ele></trkpt>
      <trkpt lat="55.693930" lon="13.951600"><ele>119.9</ele></trkpt>
      <trkpt lat="55.694560" lon="13.952020"><ele>120.2</ele></trkpt>
      <trkpt lat="55.695200" lon="13.952430"><ele>117.1</ele></trkpt>
      <trkpt lat="55.695910" lon="13.952870"><ele>110.2</ele></trkpt>
      <trkpt lat="55.696620" lon="13.953320"><ele>105.4</ele></trkpt>
      <trkpt lat="55.697330" lon="13.953760"><ele>107.4</ele></trkpt>
      <trkpt lat="55.698040" lon="13.954200"><ele>107.4</ele></trkpt>
      <trkpt lat="55.698800" lon="13.954400"><ele>108.6</ele></trkpt>
      <trkpt lat="55.699560" lon="13.954600"><ele>110.9</ele></trkpt>
      <trkpt lat="55.700020" lon="13.954740"><ele>112.4</ele></trkpt>
      <trkpt lat="55.700470" lon="13.954870"><ele>115.4</ele></trkpt>
      <trkpt lat="55.701160" lon="13.955310"><ele>120.0</ele></trkpt>
      <trkpt lat="55.701860" lon="13.955750"><ele>120.0</ele></trkpt>
      <trkpt lat="55.702680" lon="13.956320"><ele>117.4</ele></trkpt>
      <trkpt lat="55.703510" lon="13.956900"><ele>115.3</ele></trkpt>
      <trkpt lat="55.704330" lon="13.957480"><ele>116.2</ele></trkpt>
      <trkpt lat="55.704680" lon="13.957780"><ele>116.5</ele></trkpt>
      <trkpt lat="55.705160" lon="13.958220"><ele>116.3</ele></trkpt>
      <trkpt lat="55.705640" lon="13.958670"><ele>117.2</ele></trkpt>
      <trkpt lat="55.706290" lon="13.959240"><ele>116.4</ele></trkpt>
      <trkpt lat="55.706720" lon="13.959660"><ele>115.8</ele></trkpt>
      <trkpt lat="55.707150" lon="13.960070"><ele>117.1</ele></trkpt>
      <trkpt lat="55.707320" lon="13.960300"><ele>117.5</ele></trkpt>
      <trkpt lat="55.707540" lon="13.960700"><ele>118.1</ele></trkpt>
      <trkpt lat="55.708000" lon="13.961390"><ele>117.5</ele></trkpt>
      <trkpt lat="55.708160" lon="13.961680"><ele>117.0</ele></trkpt>
      <trkpt lat="55.708340" lon="13.962050"><ele>116.5</ele></trkpt>
      <trkpt lat="55.708550" lon="13.962590"><ele>115.0</ele></trkpt>
      <trkpt lat="55.708850" lon="13.963650"><ele>111.5</ele></trkpt>
      <trkpt lat="55.709190" lon="13.964700"><ele>110.6</ele></trkpt>
      <trkpt lat="55.709390" lon="13.965240"><ele>110.5</ele></trkpt>
      <trkpt lat="55.709680" lon="13.965910"><ele>110.0</ele></trkpt>
      <trkpt lat="55.709810" lon="13.966150"><ele>110.1</ele></trkpt>
      <trkpt lat="55.710180" lon="13.966680"><ele>110.5</ele></trkpt>
      <trkpt lat="55.710690" lon="13.967350"><ele>109.1</ele></trkpt>
      <trkpt lat="55.711150" lon="13.968140"><ele>109.3</ele></trkpt>
      <trkpt lat="55.711350" lon="13.968410"><ele>109.3</ele></trkpt>
      <trkpt lat="55.711600" lon="13.968670"><ele>109.0</ele></trkpt>
      <trkpt lat="55.711840" lon="13.968790"><ele>108.8</ele></trkpt>
      <trkpt lat="55.711980" lon="13.968870"><ele>108.6</ele></trkpt>
      <trkpt lat="55.712100" lon="13.968960"><ele>108.5</ele></trkpt>
      <trkpt lat="55.712340" lon="13.969260"><ele>108.3</ele></trkpt>
      <trkpt lat="55.712600" lon="13.969430"><ele>108.4</ele></trkpt>
      <trkpt lat="55.712810" lon="13.969520"><ele>108.8</ele></trkpt>
      <trkpt lat="55.713110" lon="13.969620"><ele>109.3</ele></trkpt>
      <trkpt lat="55.713360" lon="13.969640"><ele>109.7</ele></trkpt>
      <trkpt lat="55.713530" lon="13.969680"><ele>110.3</ele></trkpt>
      <trkpt lat="55.713690" lon="13.969780"><ele>111.0</ele></trkpt>
      <trkpt lat="55.713830" lon="13.969900"><ele>111.7</ele></trkpt>
      <trkpt lat="55.714500" lon="13.970190"><ele>112.6</ele></trkpt>
      <trkpt lat="55.714900" lon="13.970310"><ele>112.6</ele></trkpt>
      <trkpt lat="55.715150" lon="13.970310"><ele>112.9</ele></trkpt>
      <trkpt lat="55.715660" lon="13.970230"><ele>113.7</ele></trkpt>
      <trkpt lat="55.715870" lon="13.970250"><ele>114.0</ele></trkpt>
      <trkpt lat="55.716100" lon="13.970300"><ele>113.8</ele></trkpt>
      <trkpt lat="55.716440" lon="13.970500"><ele>113.1</ele></trkpt>
      <trkpt lat="55.716900" lon="13.970840"><ele>111.4</ele></trkpt>
      <trkpt lat="55.717600" lon="13.971420"><ele>108.8</ele></trkpt>
      <trkpt lat="55.717740" lon="13.971440"><ele>109.1</ele></trkpt>
      <trkpt lat="55.717860" lon="13.971380"><ele>109.6</ele></trkpt>
      <trkpt lat="55.717970" lon="13.971220"><ele>110.2</ele></trkpt>
      <trkpt lat="55.718330" lon="13.970520"><ele>112.4</ele></trkpt>
      <trkpt lat="55.718500" lon="13.970210"><ele>112.5</ele></trkpt>
      <trkpt lat="55.718740" lon="13.969750"><ele>113.1</ele></trkpt>
      <trkpt lat="55.718930" lon="13.969430"><ele>113.7</ele></trkpt>
      <trkpt lat="55.719110" lon="13.969220"><ele>113.9</ele></trkpt>
      <trkpt lat="55.719320" lon="13.969060"><ele>113.5</ele></trkpt>
      <trkpt lat="55.719560" lon="13.968960"><ele>112.7</ele></trkpt>
      <trkpt lat="55.719830" lon="13.968890"><ele>111.7</ele></trkpt>
      <trkpt lat="55.720360" lon="13.968880"><ele>110.5</ele></trkpt>
      <trkpt lat="55.720780" lon="13.968830"><ele>109.9</ele></trkpt>
      <trkpt lat="55.721040" lon="13.968750"><ele>110.4</ele></trkpt>
      <trkpt lat="55.721260" lon="13.968650"><ele>110.9</ele></trkpt>
      <trkpt lat="55.721420" lon="13.968500"><ele>111.4</ele></trkpt>
      <trkpt lat="55.721540" lon="13.968350"><ele>111.8</ele></trkpt>
      <trkpt lat="55.721720" lon="13.968030"><ele>111.6</ele></trkpt>
      <trkpt lat="55.721860" lon="13.967750"><ele>111.3</ele></trkpt>
      <trkpt lat="55.722040" lon="13.967430"><ele>111.0</ele></trkpt>
      <trkpt lat="55.722270" lon="13.967140"><ele>111.0</ele></trkpt>
      <trkpt lat="55.722850" lon="13.966520"><ele>111.0</ele></trkpt>
      <trkpt lat="55.723420" lon="13.965900"><ele>112.9</ele></trkpt>
      <trkpt lat="55.723910" lon="13.965350"><ele>114.6</ele></trkpt>
      <trkpt lat="55.724400" lon="13.964790"><ele>115.5</ele></trkpt>
      <trkpt lat="55.724790" lon="13.964290"><ele>116.7</ele></trkpt>
      <trkpt lat="55.725130" lon="13.963720"><ele>117.5</ele></trkpt>
      <trkpt lat="55.725260" lon="13.963410"><ele>117.6</ele></trkpt>
      <trkpt lat="55.725400" lon="13.962930"><ele>119.0</ele></trkpt>
      <trkpt lat="55.725510" lon="13.962500"><ele>120.4</ele></trkpt>
      <trkpt lat="55.725720" lon="13.961760"><ele>122.7</ele></trkpt>
      <trkpt lat="55.725950" lon="13.961170"><ele>124.7</ele></trkpt>
      <trkpt lat="55.726170" lon="13.960680"><ele>125.9</ele></trkpt>
      <trkpt lat="55.726260" lon="13.960350"><ele>126.4</ele></trkpt>
      <trkpt lat="55.726330" lon="13.959980"><ele>126.9</ele></trkpt>
      <trkpt lat="55.726480" lon="13.959050"><ele>129.7</ele></trkpt>
      <trkpt lat="55.726580" lon="13.958570"><ele>130.6</ele></trkpt>
      <trkpt lat="55.726650" lon="13.958350"><ele>131.0</ele></trkpt>
      <trkpt lat="55.726930" lon="13.957700"><ele>133.1</ele></trkpt>
      <trkpt lat="55.727000" lon="13.957400"><ele>133.7</ele></trkpt>
      <trkpt lat="55.727020" lon="13.957030"><ele>134.2</ele></trkpt>
      <trkpt lat="55.727000" lon="13.956740"><ele>134.7</ele></trkpt>
      <trkpt lat="55.726920" lon="13.956220"><ele>134.6</ele></trkpt>
      <trkpt lat="55.726850" lon="13.955640"><ele>134.1</ele></trkpt>
      <trkpt lat="55.726820" lon="13.955250"><ele>133.7</ele></trkpt>
      <trkpt lat="55.726830" lon="13.954990"><ele>133.5</ele></trkpt>
      <trkpt lat="55.726930" lon="13.954710"><ele>134.9</ele></trkpt>
      <trkpt lat="55.727050" lon="13.954430"><ele>136.4</ele></trkpt>
      <trkpt lat="55.727210" lon="13.954260"><ele>137.1</ele></trkpt>
      <trkpt lat="55.727500" lon="13.954020"><ele>138.1</ele></trkpt>
      <trkpt lat="55.727810" lon="13.953860"><ele>138.1</ele></trkpt>
      <trkpt lat="55.728200" lon="13.953750"><ele>137.1</ele></trkpt>
      <trkpt lat="55.728660" lon="13.953660"><ele>136.1</ele></trkpt>
      <trkpt lat="55.729250" lon="13.953460"><ele>135.2</ele></trkpt>
      <trkpt lat="55.729840" lon="13.953260"><ele>136.9</ele></trkpt>
      <trkpt lat="55.730190" lon="13.953090"><ele>136.8</ele></trkpt>
      <trkpt lat="55.730360" lon="13.952950"><ele>136.4</ele></trkpt>
      <trkpt lat="55.730590" lon="13.952580"><ele>136.8</ele></trkpt>
      <trkpt lat="55.730790" lon="13.952220"><ele>137.5</ele></trkpt>
      <trkpt lat="55.730970" lon="13.951810"><ele>137.9</ele></trkpt>
      <trkpt lat="55.731170" lon="13.951280"><ele>138.2</ele></trkpt>
      <trkpt lat="55.731310" lon="13.950710"><ele>139.3</ele></trkpt>
      <trkpt lat="55.731440" lon="13.950050"><ele>140.3</ele></trkpt>
      <trkpt lat="55.731480" lon="13.949700"><ele>140.3</ele></trkpt>
      <trkpt lat="55.731490" lon="13.949350"><ele>140.5</ele></trkpt>
      <trkpt lat="55.731450" lon="13.948860"><ele>141.4</ele></trkpt>
      <trkpt lat="55.731380" lon="13.948330"><ele>142.4</ele></trkpt>
      <trkpt lat="55.731340" lon="13.947850"><ele>143.0</ele></trkpt>
      <trkpt lat="55.731370" lon="13.947460"><ele>143.1</ele></trkpt>
      <trkpt lat="55.731470" lon="13.946920"><ele>143.1</ele></trkpt>
      <trkpt lat="55.731580" lon="13.946480"><ele>142.9</ele></trkpt>
      <trkpt lat="55.731670" lon="13.946200"><ele>142.4</ele></trkpt>
      <trkpt lat="55.731790" lon="13.946040"><ele>142.0</ele></trkpt>
      <trkpt lat="55.732200" lon="13.945690"><ele>141.6</ele></trkpt>
      <trkpt lat="55.732620" lon="13.945340"><ele>141.8</ele></trkpt>
      <trkpt lat="55.732830" lon="13.945070"><ele>141.7</ele></trkpt>
      <trkpt lat="55.733130" lon="13.944650"><ele>141.2</ele></trkpt>
      <trkpt lat="55.733360" lon="13.944290"><ele>140.9</ele></trkpt>
      <trkpt lat="55.733530" lon="13.944010"><ele>141.1</ele></trkpt>
      <trkpt lat="55.733710" lon="13.943600"><ele>141.4</ele></trkpt>
      <trkpt lat="55.733860" lon="13.943140"><ele>142.0</ele></trkpt>
      <trkpt lat="55.734060" lon="13.942460"><ele>144.1</ele></trkpt>
      <trkpt lat="55.734380" lon="13.941530"><ele>145.4</ele></trkpt>
      <trkpt lat="55.734690" lon="13.940590"><ele>146.0</ele></trkpt>
      <trkpt lat="55.735050" lon="13.939540"><ele>148.3</ele></trkpt>
      <trkpt lat="55.735400" lon="13.938490"><ele>150.9</ele></trkpt>
      <trkpt lat="55.735760" lon="13.937430"><ele>154.0</ele></trkpt>
      <trkpt lat="55.736120" lon="13.936380"><ele>154.8</ele></trkpt>
      <trkpt lat="55.736120" lon="13.936380"><ele>154.8</ele></trkpt>
      <trkpt lat="55.736560" lon="13.935110"><ele>154.3</ele></trkpt>
      <trkpt lat="55.736700" lon="13.935230"><ele>153.1</ele></trkpt>
      <trkpt lat="55.737310" lon="13.935830"><ele>146.6</ele></trkpt>
      <trkpt lat="55.737920" lon="13.936420"><ele>143.1</ele></trkpt>
      <trkpt lat="55.738530" lon="13.937010"><ele>141.9</ele></trkpt>
      <trkpt lat="55.739150" lon="13.937610"><ele>140.9</ele></trkpt>
      <trkpt lat="55.739610" lon="13.938010"><ele>140.1</ele></trkpt>
      <trkpt lat="55.739920" lon="13.938110"><ele>139.6</ele></trkpt>
      <trkpt lat="55.740380" lon="13.938130"><ele>139.5</ele></trkpt>
      <trkpt lat="55.740840" lon="13.938150"><ele>139.4</ele></trkpt>
      <trkpt lat="55.741080" lon="13.938230"><ele>138.9</ele></trkpt>
      <trkpt lat="55.741480" lon="13.938500"><ele>138.4</ele></trkpt>
      <trkpt lat="55.742010" lon="13.938920"><ele>138.0</ele></trkpt>
      <trkpt lat="55.742540" lon="13.939350"><ele>138.2</ele></trkpt>
      <trkpt lat="55.742770" lon="13.939590"><ele>138.3</ele></trkpt>
      <trkpt lat="55.743090" lon="13.939950"><ele>138.5</ele></trkpt>
      <trkpt lat="55.743510" lon="13.940400"><ele>138.8</ele></trkpt>
      <trkpt lat="55.743920" lon="13.940860"><ele>138.6</ele></trkpt>
      <trkpt lat="55.744560" lon="13.941580"><ele>138.2</ele></trkpt>
      <trkpt lat="55.744810" lon="13.941800"><ele>138.3</ele></trkpt>
      <trkpt lat="55.745030" lon="13.941930"><ele>138.4</ele></trkpt>
      <trkpt lat="55.745420" lon="13.942050"><ele>139.1</ele></trkpt>
      <trkpt lat="55.745830" lon="13.942110"><ele>139.9</ele></trkpt>
      <trkpt lat="55.746070" lon="13.942120"><ele>140.2</ele></trkpt>
      <trkpt lat="55.746770" lon="13.942190"><ele>141.1</ele></trkpt>
      <trkpt lat="55.747110" lon="13.942290"><ele>141.5</ele></trkpt>
      <trkpt lat="55.747390" lon="13.942400"><ele>141.9</ele></trkpt>
      <trkpt lat="55.747760" lon="13.942640"><ele>142.4</ele></trkpt>
      <trkpt lat="55.748070" lon="13.942760"><ele>142.6</ele></trkpt>
      <trkpt lat="55.748440" lon="13.942840"><ele>142.5</ele></trkpt>
      <trkpt lat="55.748710" lon="13.942850"><ele>142.4</ele></trkpt>
      <trkpt lat="55.749030" lon="13.942790"><ele>142.4</ele></trkpt>
      <trkpt lat="55.749280" lon="13.942660"><ele>142.6</ele></trkpt>
      <trkpt lat="55.749770" lon="13.942290"><ele>143.3</ele></trkpt>
      <trkpt lat="55.750450" lon="13.941750"><ele>144.0</ele></trkpt>
      <trkpt lat="55.751140" lon="13.941220"><ele>145.2</ele></trkpt>
      <trkpt lat="55.751820" lon="13.940760"><ele>146.0</ele></trkpt>
      <trkpt lat="55.752500" lon="13.940300"><ele>146.0</ele></trkpt>
      <trkpt lat="55.752930" lon="13.939940"><ele>146.5</ele></trkpt>
      <trkpt lat="55.753290" lon="13.939480"><ele>147.5</ele></trkpt>
      <trkpt lat="55.753610" lon="13.939020"><ele>148.7</ele></trkpt>
      <trkpt lat="55.753880" lon="13.938570"><ele>149.8</ele></trkpt>
      <trkpt lat="55.754520" lon="13.937560"><ele>151.8</ele></trkpt>
      <trkpt lat="55.754820" lon="13.936980"><ele>152.6</ele></trkpt>
      <trkpt lat="55.755040" lon="13.936450"><ele>152.9</ele></trkpt>
      <trkpt lat="55.755280" lon="13.935790"><ele>153.7</ele></trkpt>
      <trkpt lat="55.755450" lon="13.935240"><ele>154.7</ele></trkpt>
      <trkpt lat="55.755690" lon="13.934170"><ele>157.3</ele></trkpt>
      <trkpt lat="55.755940" lon="13.933100"><ele>158.2</ele></trkpt>
      <trkpt lat="55.756190" lon="13.932020"><ele>156.3</ele></trkpt>
      <trkpt lat="55.756430" lon="13.931030"><ele>157.2</ele></trkpt>
      <trkpt lat="55.756670" lon="13.930030"><ele>158.9</ele></trkpt>
      <trkpt lat="55.756900" lon="13.929040"><ele>161.2</ele></trkpt>
      <trkpt lat="55.757210" lon="13.927690"><ele>162.3</ele></trkpt>
      <trkpt lat="55.757510" lon="13.926350"><ele>164.3</ele></trkpt>
      <trkpt lat="55.757810" lon="13.925110"><ele>162.8</ele></trkpt>
      <trkpt lat="55.758110" lon="13.923880"><ele>163.2</ele></trkpt>
      <trkpt lat="55.758430" lon="13.922810"><ele>162.1</ele></trkpt>
      <trkpt lat="55.758620" lon="13.922240"><ele>161.0</ele></trkpt>
      <trkpt lat="55.759080" lon="13.920970"><ele>157.4</ele></trkpt>
      <trkpt lat="55.759550" lon="13.919710"><ele>156.3</ele></trkpt>
      <trkpt lat="55.760010" lon="13.918440"><ele>157.0</ele></trkpt>
      <trkpt lat="55.760470" lon="13.917180"><ele>159.0</ele></trkpt>
      <trkpt lat="55.760790" lon="13.916210"><ele>157.5</ele></trkpt>
      <trkpt lat="55.760980" lon="13.915500"><ele>156.8</ele></trkpt>
      <trkpt lat="55.761240" lon="13.914450"><ele>156.3</ele></trkpt>
      <trkpt lat="55.761500" lon="13.913410"><ele>155.9</ele></trkpt>
      <trkpt lat="55.761780" lon="13.912430"><ele>155.4</ele></trkpt>
      <trkpt lat="55.762010" lon="13.911840"><ele>155.9</ele></trkpt>
      <trkpt lat="55.762230" lon="13.911370"><ele>156.5</ele></trkpt>
      <trkpt lat="55.762410" lon="13.911050"><ele>157.4</ele></trkpt>
      <trkpt lat="55.762620" lon="13.910710"><ele>157.9</ele></trkpt>
      <trkpt lat="55.762670" lon="13.910680"><ele>157.8</ele></trkpt>
      <trkpt lat="55.762890" lon="13.910390"><ele>157.5</ele></trkpt>
      <trkpt lat="55.763590" lon="13.909550"><ele>158.2</ele></trkpt>
      <trkpt lat="55.764030" lon="13.909030"><ele>158.1</ele></trkpt>
      <trkpt lat="55.764470" lon="13.908520"><ele>157.3</ele></trkpt>
      <trkpt lat="55.764630" lon="13.908370"><ele>157.1</ele></trkpt>
      <trkpt lat="55.765240" lon="13.907670"><ele>157.8</ele></trkpt>
      <trkpt lat="55.765850" lon="13.906970"><ele>158.0</ele></trkpt>
      <trkpt lat="55.766460" lon="13.906270"><ele>157.0</ele></trkpt>
      <trkpt lat="55.767070" lon="13.905560"><ele>158.3</ele></trkpt>
      <trkpt lat="55.767740" lon="13.904590"><ele>161.3</ele></trkpt>
      <trkpt lat="55.768420" lon="13.903620"><ele>162.2</ele></trkpt>
      <trkpt lat="55.769090" lon="13.902650"><ele>160.8</ele></trkpt>
      <trkpt lat="55.769770" lon="13.901680"><ele>166.1</ele></trkpt>
      <trkpt lat="55.770440" lon="13.900710"><ele>170.3</ele></trkpt>
      <trkpt lat="55.771120" lon="13.899740"><ele>171.1</ele></trkpt>
      <trkpt lat="55.771790" lon="13.898770"><ele>173.6</ele></trkpt>
      <trkpt lat="55.772470" lon="13.897800"><ele>170.5</ele></trkpt>
      <trkpt lat="55.773140" lon="13.896830"><ele>174.3</ele></trkpt>
      <trkpt lat="55.773820" lon="13.895850"><ele>177.5</ele></trkpt>
      <trkpt lat="55.774490" lon="13.894880"><ele>176.8</ele></trkpt>
      <trkpt lat="55.775170" lon="13.893910"><ele>174.2</ele></trkpt>
      <trkpt lat="55.775840" lon="13.892940"><ele>173.1</ele></trkpt>
      <trkpt lat="55.776520" lon="13.891970"><ele>164.1</ele></trkpt>
      <trkpt lat="55.777160" lon="13.890990"><ele>161.6</ele></trkpt>
      <trkpt lat="55.777800" lon="13.890000"><ele>161.3</ele></trkpt>
      <trkpt lat="55.778440" lon="13.889020"><ele>161.2</ele></trkpt>
      <trkpt lat="55.778870" lon="13.887710"><ele>161.9</ele></trkpt>
      <trkpt lat="55.779290" lon="13.886400"><ele>162.8</ele></trkpt>
      <trkpt lat="55.779700" lon="13.885210"><ele>165.7</ele></trkpt>
      <trkpt lat="55.780120" lon="13.884030"><ele>167.0</ele></trkpt>
      <trkpt lat="55.780530" lon="13.882850"><ele>167.9</ele></trkpt>
      <trkpt lat="55.780950" lon="13.881660"><ele>167.0</ele></trkpt>
      <trkpt lat="55.781390" lon="13.880460"><ele>168.1</ele></trkpt>
      <trkpt lat="55.781830" lon="13.879250"><ele>168.7</ele></trkpt>
      <trkpt lat="55.782290" lon="13.878360"><ele>168.3</ele></trkpt>
      <trkpt lat="55.782740" lon="13.877470"><ele>165.7</ele></trkpt>
      <trkpt lat="55.783200" lon="13.876580"><ele>163.9</ele></trkpt>
      <trkpt lat="55.783730" lon="13.875560"><ele>164.4</ele></trkpt>
      <trkpt lat="55.784270" lon="13.874540"><ele>165.5</ele></trkpt>
      <trkpt lat="55.784510" lon="13.874040"><ele>165.9</ele></trkpt>
      <trkpt lat="55.784810" lon="13.873360"><ele>166.9</ele></trkpt>
      <trkpt lat="55.785040" lon="13.872810"><ele>168.2</ele></trkpt>
      <trkpt lat="55.785400" lon="13.871800"><ele>169.9</ele></trkpt>
      <trkpt lat="55.785770" lon="13.870790"><ele>170.8</ele></trkpt>
      <trkpt lat="55.786250" lon="13.871330"><ele>172.6</ele></trkpt>
      <trkpt lat="55.786830" lon="13.872080"><ele>173.7</ele></trkpt>
      <trkpt lat="55.786850" lon="13.872020"><ele>173.7</ele></trkpt>
      <trkpt lat="55.786680" lon="13.871810"><ele>174.0</ele></trkpt>
      <trkpt lat="55.786580" lon="13.871700"><ele>173.8</ele></trkpt>
      <trkpt lat="55.786520" lon="13.871630"><ele>173.6</ele></trkpt>
      <trkpt lat="55.786340" lon="13.871420"><ele>172.9</ele></trkpt>
      <trkpt lat="55.786270" lon="13.871350"><ele>172.7</ele></trkpt>
      <trkpt lat="55.786250" lon="13.871330"><ele>172.6</ele></trkpt>
      <trkpt lat="55.786180" lon="13.871270"><ele>172.4</ele></trkpt>
      <trkpt lat="55.786080" lon="13.871160"><ele>172.0</ele></trkpt>
      <trkpt lat="55.785930" lon="13.870990"><ele>171.4</ele></trkpt>
      <trkpt lat="55.785870" lon="13.870920"><ele>171.2</ele></trkpt>
      <trkpt lat="55.785780" lon="13.870810"><ele>170.8</ele></trkpt>
      <trkpt lat="55.785780" lon="13.870810"><ele>170.8</ele></trkpt>
      <trkpt lat="55.785860" lon="13.870530"><ele>171.1</ele></trkpt>
      <trkpt lat="55.786090" lon="13.869920"><ele>171.2</ele></trkpt>
      <trkpt lat="55.786300" lon="13.869260"><ele>170.7</ele></trkpt>
      <trkpt lat="55.786380" lon="13.868930"><ele>170.4</ele></trkpt>
      <trkpt lat="55.786450" lon="13.868610"><ele>170.1</ele></trkpt>
      <trkpt lat="55.786500" lon="13.868350"><ele>169.8</ele></trkpt>
      <trkpt lat="55.786550" lon="13.868070"><ele>169.5</ele></trkpt>
      <trkpt lat="55.786580" lon="13.867860"><ele>169.3</ele></trkpt>
      <trkpt lat="55.786600" lon="13.867670"><ele>169.1</ele></trkpt>
      <trkpt lat="55.786640" lon="13.867300"><ele>169.0</ele></trkpt>
      <trkpt lat="55.786660" lon="13.866960"><ele>169.0</ele></trkpt>
      <trkpt lat="55.786680" lon="13.866440"><ele>168.7</ele></trkpt>
      <trkpt lat="55.786690" lon="13.865700"><ele>168.1</ele></trkpt>
      <trkpt lat="55.786660" lon="13.864900"><ele>168.1</ele></trkpt>
      <trkpt lat="55.786660" lon="13.864820"><ele>168.2</ele></trkpt>
      <trkpt lat="55.786650" lon="13.864690"><ele>168.4</ele></trkpt>
      <trkpt lat="55.786650" lon="13.864570"><ele>168.5</ele></trkpt>
      <trkpt lat="55.786660" lon="13.864400"><ele>168.7</ele></trkpt>
      <trkpt lat="55.786660" lon="13.864370"><ele>168.7</ele></trkpt>
      <trkpt lat="55.786640" lon="13.863300"><ele>169.0</ele></trkpt>
      <trkpt lat="55.786640" lon="13.862300"><ele>170.3</ele></trkpt>
      <trkpt lat="55.786630" lon="13.861930"><ele>170.8</ele></trkpt>
      <trkpt lat="55.786630" lon="13.861760"><ele>171.0</ele></trkpt>
      <trkpt lat="55.786630" lon="13.860880"><ele>169.2</ele></trkpt>
      <trkpt lat="55.786620" lon="13.860760"><ele>169.1</ele></trkpt>
      <trkpt lat="55.786620" lon="13.860120"><ele>168.3</ele></trkpt>
      <trkpt lat="55.786610" lon="13.859460"><ele>166.8</ele></trkpt>
      <trkpt lat="55.786580" lon="13.858180"><ele>164.7</ele></trkpt>
      <trkpt lat="55.786580" lon="13.857770"><ele>164.2</ele></trkpt>
      <trkpt lat="55.786570" lon="13.857540"><ele>163.9</ele></trkpt>
      <trkpt lat="55.786570" lon="13.857450"><ele>163.9</ele></trkpt>
      <trkpt lat="55.786570" lon="13.857220"><ele>163.8</ele></trkpt>
      <trkpt lat="55.786550" lon="13.856170"><ele>163.8</ele></trkpt>
      <trkpt lat="55.786540" lon="13.855630"><ele>163.9</ele></trkpt>
      <trkpt lat="55.786530" lon="13.855310"><ele>163.9</ele></trkpt>
      <trkpt lat="55.786520" lon="13.854890"><ele>163.9</ele></trkpt>
      <trkpt lat="55.786520" lon="13.854670"><ele>163.6</ele></trkpt>
      <trkpt lat="55.786490" lon="13.853390"><ele>162.8</ele></trkpt>
      <trkpt lat="55.786490" lon="13.853070"><ele>163.8</ele></trkpt>
      <trkpt lat="55.786490" lon="13.852980"><ele>164.1</ele></trkpt>
      <trkpt lat="55.786480" lon="13.852660"><ele>165.4</ele></trkpt>
      <trkpt lat="55.786480" lon="13.852430"><ele>166.2</ele></trkpt>
      <trkpt lat="55.786470" lon="13.852340"><ele>166.4</ele></trkpt>
      <trkpt lat="55.786460" lon="13.851790"><ele>167.9</ele></trkpt>
      <trkpt lat="55.786460" lon="13.851380"><ele>169.3</ele></trkpt>
      <trkpt lat="55.786440" lon="13.850770"><ele>171.4</ele></trkpt>
      <trkpt lat="55.786420" lon="13.849790"><ele>173.7</ele></trkpt>
      <trkpt lat="55.786420" lon="13.849490"><ele>173.8</ele></trkpt>
      <trkpt lat="55.786420" lon="13.849090"><ele>173.9</ele></trkpt>
      <trkpt lat="55.786410" lon="13.848520"><ele>173.9</ele></trkpt>
      <trkpt lat="55.786410" lon="13.848510"><ele>173.9</ele></trkpt>
      <trkpt lat="55.786410" lon="13.848110"><ele>173.9</ele></trkpt>
      <trkpt lat="55.786420" lon="13.847810"><ele>173.9</ele></trkpt>
      <trkpt lat="55.786440" lon="13.847540"><ele>173.8</ele></trkpt>
      <trkpt lat="55.786450" lon="13.847290"><ele>173.8</ele></trkpt>
      <trkpt lat="55.786480" lon="13.847050"><ele>173.7</ele></trkpt>
      <trkpt lat="55.786520" lon="13.846680"><ele>173.5</ele></trkpt>
      <trkpt lat="55.786520" lon="13.846630"><ele>173.5</ele></trkpt>
      <trkpt lat="55.786540" lon="13.846450"><ele>173.2</ele></trkpt>
      <trkpt lat="55.786580" lon="13.846210"><ele>172.8</ele></trkpt>
      <trkpt lat="55.786590" lon="13.846140"><ele>172.6</ele></trkpt>
      <trkpt lat="55.786590" lon="13.846130"><ele>172.6</ele></trkpt>
      <trkpt lat="55.786610" lon="13.846010"><ele>172.4</ele></trkpt>
      <trkpt lat="55.786640" lon="13.845840"><ele>172.1</ele></trkpt>
      <trkpt lat="55.786670" lon="13.845640"><ele>172.0</ele></trkpt>
      <trkpt lat="55.786710" lon="13.845470"><ele>172.1</ele></trkpt>
      <trkpt lat="55.786730" lon="13.845400"><ele>172.1</ele></trkpt>
      <trkpt lat="55.786800" lon="13.845090"><ele>172.3</ele></trkpt>
      <trkpt lat="55.786980" lon="13.844300"><ele>174.1</ele></trkpt>
      <trkpt lat="55.787000" lon="13.844230"><ele>174.3</ele></trkpt>
      <trkpt lat="55.787040" lon="13.844060"><ele>174.5</ele></trkpt>
      <trkpt lat="55.787220" lon="13.843350"><ele>175.0</ele></trkpt>
      <trkpt lat="55.787220" lon="13.843350"><ele>175.0</ele></trkpt>
      <trkpt lat="55.787180" lon="13.843210"><ele>175.1</ele></trkpt>
      <trkpt lat="55.787170" lon="13.843110"><ele>175.2</ele></trkpt>
      <trkpt lat="55.787150" lon="13.842970"><ele>175.4</ele></trkpt>
      <trkpt lat="55.787150" lon="13.842960"><ele>175.4</ele></trkpt>
      <trkpt lat="55.787150" lon="13.842810"><ele>175.5</ele></trkpt>
      <trkpt lat="55.787160" lon="13.842610"><ele>175.7</ele></trkpt>
      <trkpt lat="55.787180" lon="13.842380"><ele>175.8</ele></trkpt>
      <trkpt lat="55.787210" lon="13.842170"><ele>175.8</ele></trkpt>
      <trkpt lat="55.787300" lon="13.841770"><ele>175.7</ele></trkpt>
      <trkpt lat="55.787350" lon="13.841560"><ele>175.7</ele></trkpt>
      <trkpt lat="55.787390" lon="13.841370"><ele>175.8</ele></trkpt>
      <trkpt lat="55.787410" lon="13.841270"><ele>175.8</ele></trkpt>
      <trkpt lat="55.787420" lon="13.841170"><ele>175.9</ele></trkpt>
      <trkpt lat="55.787440" lon="13.840990"><ele>176.0</ele></trkpt>
      <trkpt lat="55.787440" lon="13.840950"><ele>176.1</ele></trkpt>
      <trkpt lat="55.787450" lon="13.840810"><ele>176.2</ele></trkpt>
      <trkpt lat="55.787450" lon="13.840690"><ele>176.2</ele></trkpt>
      <trkpt lat="55.787440" lon="13.840630"><ele>176.2</ele></trkpt>
      <trkpt lat="55.787440" lon="13.840570"><ele>176.2</ele></trkpt>
      <trkpt lat="55.787430" lon="13.840470"><ele>176.3</ele></trkpt>
      <trkpt lat="55.787400" lon="13.840320"><ele>176.4</ele></trkpt>
      <trkpt lat="55.787350" lon="13.840010"><ele>176.7</ele></trkpt>
      <trkpt lat="55.787300" lon="13.839710"><ele>177.1</ele></trkpt>
      <trkpt lat="55.787290" lon="13.839640"><ele>177.2</ele></trkpt>
      <trkpt lat="55.787250" lon="13.839400"><ele>177.5</ele></trkpt>
      <trkpt lat="55.787200" lon="13.839100"><ele>177.7</ele></trkpt>
      <trkpt lat="55.787150" lon="13.838790"><ele>177.9</ele></trkpt>
      <trkpt lat="55.787130" lon="13.838730"><ele>177.9</ele></trkpt>
      <trkpt lat="55.787100" lon="13.838510"><ele>178.0</ele></trkpt>
      <trkpt lat="55.787090" lon="13.838370"><ele>178.0</ele></trkpt>
      <trkpt lat="55.787090" lon="13.838160"><ele>177.7</ele></trkpt>
      <trkpt lat="55.787090" lon="13.838160"><ele>177.7</ele></trkpt>
      <trkpt lat="55.786970" lon="13.838230"><ele>177.8</ele></trkpt>
      <trkpt lat="55.786740" lon="13.838340"><ele>178.0</ele></trkpt>
      <trkpt lat="55.786390" lon="13.838530"><ele>178.0</ele></trkpt>
      <trkpt lat="55.786170" lon="13.838650"><ele>178.0</ele></trkpt>
      <trkpt lat="55.786050" lon="13.838720"><ele>178.1</ele></trkpt>
      <trkpt lat="55.786040" lon="13.838720"><ele>178.1</ele></trkpt>
      <trkpt lat="55.785930" lon="13.838790"><ele>178.1</ele></trkpt>
      <trkpt lat="55.785840" lon="13.838830"><ele>178.2</ele></trkpt>
      <trkpt lat="55.785760" lon="13.838860"><ele>178.4</ele></trkpt>
      <trkpt lat="55.785670" lon="13.838880"><ele>178.6</ele></trkpt>
      <trkpt lat="55.785570" lon="13.838880"><ele>178.8</ele></trkpt>
      <trkpt lat="55.785520" lon="13.838880"><ele>178.9</ele></trkpt>
      <trkpt lat="55.785430" lon="13.838860"><ele>179.1</ele></trkpt>
      <trkpt lat="55.785370" lon="13.838830"><ele>179.2</ele></trkpt>
      <trkpt lat="55.785350" lon="13.838820"><ele>179.2</ele></trkpt>
      <trkpt lat="55.785170" lon="13.838720"><ele>179.6</ele></trkpt>
      <trkpt lat="55.785030" lon="13.838640"><ele>179.9</ele></trkpt>
      <trkpt lat="55.785000" lon="13.838620"><ele>180.0</ele></trkpt>
      <trkpt lat="55.784990" lon="13.838620"><ele>180.0</ele></trkpt>
      <trkpt lat="55.784830" lon="13.838520"><ele>179.6</ele></trkpt>
      <trkpt lat="55.784760" lon="13.838480"><ele>179.4</ele></trkpt>
      <trkpt lat="55.784660" lon="13.838420"><ele>179.2</ele></trkpt>
      <trkpt lat="55.784650" lon="13.838410"><ele>179.2</ele></trkpt>
      <trkpt lat="55.784590" lon="13.838380"><ele>179.0</ele></trkpt>
      <trkpt lat="55.784510" lon="13.838330"><ele>178.8</ele></trkpt>
      <trkpt lat="55.784320" lon="13.838210"><ele>178.3</ele></trkpt>
      <trkpt lat="55.784140" lon="13.838110"><ele>178.0</ele></trkpt>
      <trkpt lat="55.784110" lon="13.838100"><ele>177.9</ele></trkpt>
      <trkpt lat="55.784000" lon="13.838030"><ele>177.7</ele></trkpt>
      <trkpt lat="55.783940" lon="13.837990"><ele>177.6</ele></trkpt>
      <trkpt lat="55.783910" lon="13.837950"><ele>177.6</ele></trkpt>
      <trkpt lat="55.783910" lon="13.837950"><ele>177.6</ele></trkpt>
      <trkpt lat="55.783890" lon="13.837920"><ele>177.5</ele></trkpt>
      <trkpt lat="55.783870" lon="13.837870"><ele>177.4</ele></trkpt>
      <trkpt lat="55.783850" lon="13.837810"><ele>177.4</ele></trkpt>
      <trkpt lat="55.783800" lon="13.837690"><ele>177.2</ele></trkpt>
      <trkpt lat="55.783760" lon="13.837550"><ele>177.1</ele></trkpt>
      <trkpt lat="55.783720" lon="13.837350"><ele>176.9</ele></trkpt>
      <trkpt lat="55.783690" lon="13.837170"><ele>176.9</ele></trkpt>
      <trkpt lat="55.783670" lon="13.837010"><ele>176.8</ele></trkpt>
      <trkpt lat="55.783650" lon="13.836860"><ele>176.8</ele></trkpt>
      <trkpt lat="55.783650" lon="13.836670"><ele>176.8</ele></trkpt>
      <trkpt lat="55.783650" lon="13.836460"><ele>177.1</ele></trkpt>
      <trkpt lat="55.783660" lon="13.836140"><ele>177.7</ele></trkpt>
      <trkpt lat="55.783660" lon="13.835690"><ele>178.2</ele></trkpt>
      <trkpt lat="55.783660" lon="13.835660"><ele>178.3</ele></trkpt>
      <trkpt lat="55.783660" lon="13.835350"><ele>178.4</ele></trkpt>
      <trkpt lat="55.783660" lon="13.835340"><ele>178.4</ele></trkpt>
      <trkpt lat="55.783650" lon="13.835030"><ele>178.5</ele></trkpt>
      <trkpt lat="55.783650" lon="13.834970"><ele>178.5</ele></trkpt>
      <trkpt lat="55.783640" lon="13.834710"><ele>178.2</ele></trkpt>
      <trkpt lat="55.783630" lon="13.834440"><ele>177.9</ele></trkpt>
      <trkpt lat="55.783600" lon="13.833860"><ele>177.5</ele></trkpt>
      <trkpt lat="55.783570" lon="13.833480"><ele>177.3</ele></trkpt>
      <trkpt lat="55.783570" lon="13.833430"><ele>177.3</ele></trkpt>
      <trkpt lat="55.783550" lon="13.833260"><ele>177.4</ele></trkpt>
      <trkpt lat="55.783530" lon="13.833120"><ele>177.7</ele></trkpt>
      <trkpt lat="55.783520" lon="13.833100"><ele>177.7</ele></trkpt>
      <trkpt lat="55.783470" lon="13.832870"><ele>178.2</ele></trkpt>
      <trkpt lat="55.783410" lon="13.832660"><ele>178.6</ele></trkpt>
      <trkpt lat="55.783380" lon="13.832540"><ele>178.9</ele></trkpt>
      <trkpt lat="55.783370" lon="13.832510"><ele>179.0</ele></trkpt>
      <trkpt lat="55.783350" lon="13.832370"><ele>179.3</ele></trkpt>
      <trkpt lat="55.783320" lon="13.832240"><ele>179.6</ele></trkpt>
      <trkpt lat="55.783310" lon="13.832150"><ele>179.8</ele></trkpt>
      <trkpt lat="55.783280" lon="13.831930"><ele>180.3</ele></trkpt>
      <trkpt lat="55.783220" lon="13.831570"><ele>180.8</ele></trkpt>
      <trkpt lat="55.783160" lon="13.831090"><ele>181.0</ele></trkpt>
      <trkpt lat="55.783100" lon="13.830710"><ele>181.4</ele></trkpt>
      <trkpt lat="55.783050" lon="13.830520"><ele>181.6</ele></trkpt>
      <trkpt lat="55.783030" lon="13.830450"><ele>181.7</ele></trkpt>
      <trkpt lat="55.783000" lon="13.830370"><ele>181.8</ele></trkpt>
      <trkpt lat="55.782930" lon="13.830140"><ele>182.3</ele></trkpt>
      <trkpt lat="55.782880" lon="13.829990"><ele>182.6</ele></trkpt>
      <trkpt lat="55.782840" lon="13.829860"><ele>182.8</ele></trkpt>
      <trkpt lat="55.782830" lon="13.829830"><ele>182.9</ele></trkpt>
      <trkpt lat="55.782740" lon="13.829590"><ele>183.3</ele></trkpt>
      <trkpt lat="55.782700" lon="13.829470"><ele>183.6</ele></trkpt>
      <trkpt lat="55.782690" lon="13.829440"><ele>183.7</ele></trkpt>
      <trkpt lat="55.782640" lon="13.829330"><ele>184.0</ele></trkpt>
      <trkpt lat="55.782530" lon="13.829070"><ele>184.8</ele></trkpt>
      <trkpt lat="55.782490" lon="13.828970"><ele>185.0</ele></trkpt>
      <trkpt lat="55.782430" lon="13.828820"><ele>185.2</ele></trkpt>
      <trkpt lat="55.782320" lon="13.828560"><ele>185.7</ele></trkpt>
      <trkpt lat="55.782290" lon="13.828500"><ele>185.9</ele></trkpt>
      <trkpt lat="55.782200" lon="13.828320"><ele>186.4</ele></trkpt>
      <trkpt lat="55.782130" lon="13.828190"><ele>186.5</ele></trkpt>
      <trkpt lat="55.782110" lon="13.828140"><ele>186.5</ele></trkpt>
      <trkpt lat="55.782080" lon="13.828090"><ele>186.6</ele></trkpt>
      <trkpt lat="55.781950" lon="13.827860"><ele>186.7</ele></trkpt>
      <trkpt lat="55.781820" lon="13.827650"><ele>186.8</ele></trkpt>
      <trkpt lat="55.781680" lon="13.827430"><ele>186.8</ele></trkpt>
      <trkpt lat="55.781670" lon="13.827410"><ele>186.8</ele></trkpt>
      <trkpt lat="55.781560" lon="13.827200"><ele>186.0</ele></trkpt>
      <trkpt lat="55.781440" lon="13.826970"><ele>185.2</ele></trkpt>
      <trkpt lat="55.781320" lon="13.826780"><ele>184.4</ele></trkpt>
      <trkpt lat="55.781300" lon="13.826750"><ele>184.3</ele></trkpt>
      <trkpt lat="55.781160" lon="13.826480"><ele>183.6</ele></trkpt>
      <trkpt lat="55.781080" lon="13.826310"><ele>183.2</ele></trkpt>
      <trkpt lat="55.781060" lon="13.826270"><ele>183.1</ele></trkpt>
      <trkpt lat="55.780980" lon="13.826050"><ele>182.6</ele></trkpt>
      <trkpt lat="55.780940" lon="13.825960"><ele>182.4</ele></trkpt>
      <trkpt lat="55.780810" lon="13.825640"><ele>181.7</ele></trkpt>
      <trkpt lat="55.780770" lon="13.825530"><ele>181.4</ele></trkpt>
      <trkpt lat="55.780730" lon="13.825420"><ele>181.1</ele></trkpt>
      <trkpt lat="55.780660" lon="13.825270"><ele>180.7</ele></trkpt>
      <trkpt lat="55.780650" lon="13.825240"><ele>180.6</ele></trkpt>
      <trkpt lat="55.780570" lon="13.825080"><ele>180.1</ele></trkpt>
      <trkpt lat="55.780460" lon="13.824900"><ele>179.8</ele></trkpt>
      <trkpt lat="55.780410" lon="13.824810"><ele>179.8</ele></trkpt>
      <trkpt lat="55.780280" lon="13.824590"><ele>179.8</ele></trkpt>
      <trkpt lat="55.780150" lon="13.824380"><ele>179.9</ele></trkpt>
      <trkpt lat="55.780140" lon="13.824360"><ele>179.9</ele></trkpt>
      <trkpt lat="55.780040" lon="13.824190"><ele>180.0</ele></trkpt>
      <trkpt lat="55.779950" lon="13.824030"><ele>180.3</ele></trkpt>
      <trkpt lat="55.779940" lon="13.824010"><ele>180.3</ele></trkpt>
      <trkpt lat="55.779860" lon="13.823820"><ele>180.6</ele></trkpt>
      <trkpt lat="55.779840" lon="13.823770"><ele>180.7</ele></trkpt>
      <trkpt lat="55.779730" lon="13.823520"><ele>180.8</ele></trkpt>
      <trkpt lat="55.779630" lon="13.823260"><ele>180.7</ele></trkpt>
      <trkpt lat="55.779590" lon="13.823160"><ele>180.6</ele></trkpt>
      <trkpt lat="55.779520" lon="13.822990"><ele>180.5</ele></trkpt>
      <trkpt lat="55.779430" lon="13.822750"><ele>180.4</ele></trkpt>
      <trkpt lat="55.779420" lon="13.822730"><ele>180.4</ele></trkpt>
      <trkpt lat="55.779310" lon="13.822480"><ele>180.4</ele></trkpt>
      <trkpt lat="55.779280" lon="13.822410"><ele>180.4</ele></trkpt>
      <trkpt lat="55.779220" lon="13.822250"><ele>180.4</ele></trkpt>
      <trkpt lat="55.779190" lon="13.822140"><ele>180.5</ele></trkpt>
      <trkpt lat="55.779160" lon="13.822010"><ele>180.6</ele></trkpt>
      <trkpt lat="55.779150" lon="13.821880"><ele>180.6</ele></trkpt>
      <trkpt lat="55.779140" lon="13.821750"><ele>180.7</ele></trkpt>
      <trkpt lat="55.779130" lon="13.821600"><ele>180.9</ele></trkpt>
      <trkpt lat="55.779130" lon="13.821580"><ele>180.9</ele></trkpt>
      <trkpt lat="55.779140" lon="13.821330"><ele>181.2</ele></trkpt>
      <trkpt lat="55.779150" lon="13.821280"><ele>181.4</ele></trkpt>
      <trkpt lat="55.779170" lon="13.820980"><ele>181.8</ele></trkpt>
      <trkpt lat="55.779170" lon="13.820960"><ele>181.8</ele></trkpt>
      <trkpt lat="55.779200" lon="13.820640"><ele>182.0</ele></trkpt>
      <trkpt lat="55.779200" lon="13.820560"><ele>181.9</ele></trkpt>
      <trkpt lat="55.779220" lon="13.820420"><ele>181.9</ele></trkpt>
      <trkpt lat="55.779220" lon="13.820330"><ele>181.9</ele></trkpt>
      <trkpt lat="55.779230" lon="13.820120"><ele>181.9</ele></trkpt>
      <trkpt lat="55.779230" lon="13.820050"><ele>181.9</ele></trkpt>
      <trkpt lat="55.779230" lon="13.819910"><ele>181.9</ele></trkpt>
      <trkpt lat="55.779230" lon="13.819850"><ele>182.0</ele></trkpt>
      <trkpt lat="55.779230" lon="13.819840"><ele>182.0</ele></trkpt>
      <trkpt lat="55.779230" lon="13.819740"><ele>182.1</ele></trkpt>
      <trkpt lat="55.779220" lon="13.819520"><ele>182.4</ele></trkpt>
      <trkpt lat="55.779220" lon="13.819430"><ele>182.5</ele></trkpt>
      <trkpt lat="55.779210" lon="13.819210"><ele>182.8</ele></trkpt>
      <trkpt lat="55.779210" lon="13.819110"><ele>182.9</ele></trkpt>
      <trkpt lat="55.779210" lon="13.818980"><ele>183.1</ele></trkpt>
      <trkpt lat="55.779200" lon="13.818890"><ele>183.2</ele></trkpt>
      <trkpt lat="55.779200" lon="13.818800"><ele>183.3</ele></trkpt>
      <trkpt lat="55.779190" lon="13.818480"><ele>183.7</ele></trkpt>
      <trkpt lat="55.779180" lon="13.818340"><ele>183.9</ele></trkpt>
      <trkpt lat="55.779180" lon="13.818170"><ele>183.7</ele></trkpt>
      <trkpt lat="55.779170" lon="13.817940"><ele>183.5</ele></trkpt>
      <trkpt lat="55.779170" lon="13.817930"><ele>183.5</ele></trkpt>
      <trkpt lat="55.779170" lon="13.817850"><ele>183.4</ele></trkpt>
      <trkpt lat="55.779160" lon="13.817620"><ele>183.1</ele></trkpt>
      <trkpt lat="55.779160" lon="13.817610"><ele>183.1</ele></trkpt>
      <trkpt lat="55.779160" lon="13.817540"><ele>183.0</ele></trkpt>
      <trkpt lat="55.779150" lon="13.817360"><ele>182.8</ele></trkpt>
      <trkpt lat="55.779140" lon="13.817230"><ele>182.6</ele></trkpt>
      <trkpt lat="55.779120" lon="13.816970"><ele>182.3</ele></trkpt>
      <trkpt lat="55.779120" lon="13.816900"><ele>182.2</ele></trkpt>
      <trkpt lat="55.779090" lon="13.816600"><ele>181.7</ele></trkpt>
      <trkpt lat="55.779070" lon="13.816400"><ele>181.2</ele></trkpt>
      <trkpt lat="55.779060" lon="13.816350"><ele>181.0</ele></trkpt>
      <trkpt lat="55.779060" lon="13.816290"><ele>180.9</ele></trkpt>
      <trkpt lat="55.779030" lon="13.816040"><ele>180.3</ele></trkpt>
      <trkpt lat="55.779020" lon="13.815980"><ele>180.1</ele></trkpt>
      <trkpt lat="55.779010" lon="13.815840"><ele>179.8</ele></trkpt>
      <trkpt lat="55.778960" lon="13.815410"><ele>179.4</ele></trkpt>
      <trkpt lat="55.778960" lon="13.815360"><ele>179.3</ele></trkpt>
      <trkpt lat="55.778950" lon="13.815330"><ele>179.3</ele></trkpt>
      <trkpt lat="55.778910" lon="13.814900"><ele>179.1</ele></trkpt>
      <trkpt lat="55.778850" lon="13.814440"><ele>179.5</ele></trkpt>
      <trkpt lat="55.778850" lon="13.814420"><ele>179.5</ele></trkpt>
      <trkpt lat="55.778830" lon="13.814150"><ele>179.8</ele></trkpt>
      <trkpt lat="55.778820" lon="13.814130"><ele>179.9</ele></trkpt>
      <trkpt lat="55.778820" lon="13.814070"><ele>179.9</ele></trkpt>
      <trkpt lat="55.778780" lon="13.813760"><ele>180.4</ele></trkpt>
      <trkpt lat="55.778730" lon="13.813470"><ele>180.9</ele></trkpt>
      <trkpt lat="55.778670" lon="13.813230"><ele>181.5</ele></trkpt>
      <trkpt lat="55.778620" lon="13.813030"><ele>181.9</ele></trkpt>
      <trkpt lat="55.778590" lon="13.812950"><ele>182.1</ele></trkpt>
      <trkpt lat="55.778590" lon="13.812940"><ele>182.1</ele></trkpt>
      <trkpt lat="55.778540" lon="13.812790"><ele>182.5</ele></trkpt>
      <trkpt lat="55.778410" lon="13.812450"><ele>183.6</ele></trkpt>
      <trkpt lat="55.778290" lon="13.812160"><ele>184.4</ele></trkpt>
      <trkpt lat="55.778070" lon="13.811670"><ele>185.0</ele></trkpt>
      <trkpt lat="55.777970" lon="13.811420"><ele>185.3</ele></trkpt>
      <trkpt lat="55.777930" lon="13.811330"><ele>185.4</ele></trkpt>
      <trkpt lat="55.777810" lon="13.810990"><ele>186.0</ele></trkpt>
      <trkpt lat="55.777730" lon="13.810780"><ele>186.5</ele></trkpt>
      <trkpt lat="55.777660" lon="13.810550"><ele>187.2</ele></trkpt>
      <trkpt lat="55.777600" lon="13.810330"><ele>187.8</ele></trkpt>
      <trkpt lat="55.777560" lon="13.810210"><ele>188.2</ele></trkpt>
      <trkpt lat="55.777490" lon="13.809930"><ele>189.0</ele></trkpt>
      <trkpt lat="55.777370" lon="13.809460"><ele>188.4</ele></trkpt>
      <trkpt lat="55.777120" lon="13.808360"><ele>187.2</ele></trkpt>
      <trkpt lat="55.776800" lon="13.806870"><ele>184.1</ele></trkpt>
      <trkpt lat="55.776200" lon="13.804190"><ele>180.7</ele></trkpt>
      <trkpt lat="55.776070" lon="13.803590"><ele>179.5</ele></trkpt>
      <trkpt lat="55.776020" lon="13.803360"><ele>179.1</ele></trkpt>
      <trkpt lat="55.775970" lon="13.803110"><ele>179.0</ele></trkpt>
      <trkpt lat="55.775960" lon="13.803080"><ele>178.9</ele></trkpt>
      <trkpt lat="55.775960" lon="13.803060"><ele>178.9</ele></trkpt>
      <trkpt lat="55.775910" lon="13.802800"><ele>178.9</ele></trkpt>
      <trkpt lat="55.775770" lon="13.802030"><ele>179.3</ele></trkpt>
      <trkpt lat="55.775740" lon="13.801880"><ele>179.3</ele></trkpt>
      <trkpt lat="55.775740" lon="13.801840"><ele>179.4</ele></trkpt>
      <trkpt lat="55.775700" lon="13.801640"><ele>179.4</ele></trkpt>
      <trkpt lat="55.775690" lon="13.801570"><ele>179.5</ele></trkpt>
      <trkpt lat="55.775690" lon="13.801530"><ele>179.6</ele></trkpt>
      <trkpt lat="55.775680" lon="13.801420"><ele>179.8</ele></trkpt>
      <trkpt lat="55.775660" lon="13.801220"><ele>180.1</ele></trkpt>
      <trkpt lat="55.775650" lon="13.801070"><ele>180.4</ele></trkpt>
      <trkpt lat="55.775640" lon="13.800910"><ele>180.7</ele></trkpt>
      <trkpt lat="55.775640" lon="13.800900"><ele>180.7</ele></trkpt>
      <trkpt lat="55.775610" lon="13.800580"><ele>181.1</ele></trkpt>
      <trkpt lat="55.775570" lon="13.800340"><ele>181.2</ele></trkpt>
      <trkpt lat="55.775510" lon="13.800100"><ele>181.1</ele></trkpt>
      <trkpt lat="55.775400" lon="13.799790"><ele>180.5</ele></trkpt>
      <trkpt lat="55.775230" lon="13.799370"><ele>179.8</ele></trkpt>
      <trkpt lat="55.775110" lon="13.799020"><ele>179.8</ele></trkpt>
      <trkpt lat="55.775090" lon="13.798920"><ele>180.0</ele></trkpt>
      <trkpt lat="55.775050" lon="13.798720"><ele>180.2</ele></trkpt>
      <trkpt lat="55.775020" lon="13.798420"><ele>180.8</ele></trkpt>
      <trkpt lat="55.775010" lon="13.798310"><ele>181.1</ele></trkpt>
      <trkpt lat="55.775010" lon="13.798300"><ele>181.1</ele></trkpt>
      <trkpt lat="55.775000" lon="13.798050"><ele>181.7</ele></trkpt>
      <trkpt lat="55.775000" lon="13.797990"><ele>181.8</ele></trkpt>
      <trkpt lat="55.775000" lon="13.797350"><ele>183.2</ele></trkpt>
      <trkpt lat="55.774990" lon="13.796710"><ele>183.9</ele></trkpt>
      <trkpt lat="55.774990" lon="13.796390"><ele>183.7</ele></trkpt>
      <trkpt lat="55.774990" lon="13.795750"><ele>182.9</ele></trkpt>
      <trkpt lat="55.774990" lon="13.795430"><ele>182.5</ele></trkpt>
      <trkpt lat="55.774990" lon="13.795370"><ele>182.4</ele></trkpt>
      <trkpt lat="55.774960" lon="13.794880"><ele>181.8</ele></trkpt>
      <trkpt lat="55.774960" lon="13.794790"><ele>181.7</ele></trkpt>
      <trkpt lat="55.774940" lon="13.794470"><ele>181.2</ele></trkpt>
      <trkpt lat="55.774920" lon="13.794160"><ele>180.8</ele></trkpt>
      <trkpt lat="55.774910" lon="13.794040"><ele>180.8</ele></trkpt>
      <trkpt lat="55.774890" lon="13.793520"><ele>180.6</ele></trkpt>
      <trkpt lat="55.774880" lon="13.793430"><ele>180.6</ele></trkpt>
      <trkpt lat="55.774870" lon="13.792920"><ele>181.0</ele></trkpt>
      <trkpt lat="55.774870" lon="13.792880"><ele>181.1</ele></trkpt>
      <trkpt lat="55.774870" lon="13.792600"><ele>181.4</ele></trkpt>
      <trkpt lat="55.774880" lon="13.792450"><ele>181.6</ele></trkpt>
      <trkpt lat="55.774910" lon="13.792250"><ele>181.7</ele></trkpt>
      <trkpt lat="55.774990" lon="13.791900"><ele>182.0</ele></trkpt>
      <trkpt lat="55.775200" lon="13.791120"><ele>182.2</ele></trkpt>
      <trkpt lat="55.775240" lon="13.790950"><ele>182.3</ele></trkpt>
      <trkpt lat="55.775300" lon="13.790620"><ele>182.4</ele></trkpt>
      <trkpt lat="55.775320" lon="13.790480"><ele>182.4</ele></trkpt>
      <trkpt lat="55.775330" lon="13.790340"><ele>182.4</ele></trkpt>
      <trkpt lat="55.775360" lon="13.789690"><ele>182.4</ele></trkpt>
      <trkpt lat="55.775390" lon="13.789210"><ele>182.4</ele></trkpt>
      <trkpt lat="55.775430" lon="13.788660"><ele>182.9</ele></trkpt>
      <trkpt lat="55.775440" lon="13.788490"><ele>183.0</ele></trkpt>
      <trkpt lat="55.775450" lon="13.788190"><ele>183.1</ele></trkpt>
      <trkpt lat="55.775430" lon="13.787380"><ele>182.5</ele></trkpt>
      <trkpt lat="55.775430" lon="13.787340"><ele>182.5</ele></trkpt>
      <trkpt lat="55.775440" lon="13.787150"><ele>182.6</ele></trkpt>
      <trkpt lat="55.775460" lon="13.786990"><ele>182.7</ele></trkpt>
      <trkpt lat="55.775510" lon="13.786800"><ele>182.8</ele></trkpt>
      <trkpt lat="55.775520" lon="13.786770"><ele>182.9</ele></trkpt>
      <trkpt lat="55.775590" lon="13.786570"><ele>182.9</ele></trkpt>
      <trkpt lat="55.775620" lon="13.786510"><ele>182.9</ele></trkpt>
      <trkpt lat="55.775750" lon="13.786280"><ele>182.8</ele></trkpt>
      <trkpt lat="55.775830" lon="13.786100"><ele>182.6</ele></trkpt>
      <trkpt lat="55.775880" lon="13.785940"><ele>182.3</ele></trkpt>
      <trkpt lat="55.775900" lon="13.785830"><ele>182.1</ele></trkpt>
      <trkpt lat="55.775910" lon="13.785720"><ele>181.8</ele></trkpt>
      <trkpt lat="55.775950" lon="13.785410"><ele>181.2</ele></trkpt>
      <trkpt lat="55.775980" lon="13.785140"><ele>180.7</ele></trkpt>
      <trkpt lat="55.775980" lon="13.785100"><ele>180.6</ele></trkpt>
      <trkpt lat="55.776040" lon="13.784470"><ele>180.7</ele></trkpt>
      <trkpt lat="55.776060" lon="13.784210"><ele>180.7</ele></trkpt>
      <trkpt lat="55.776110" lon="13.783430"><ele>180.4</ele></trkpt>
      <trkpt lat="55.776120" lon="13.783330"><ele>180.3</ele></trkpt>
      <trkpt lat="55.776120" lon="13.783100"><ele>180.2</ele></trkpt>
      <trkpt lat="55.776120" lon="13.783020"><ele>180.2</ele></trkpt>
      <trkpt lat="55.776110" lon="13.782750"><ele>180.1</ele></trkpt>
      <trkpt lat="55.776070" lon="13.781740"><ele>179.9</ele></trkpt>
      <trkpt lat="55.776060" lon="13.781180"><ele>179.3</ele></trkpt>
      <trkpt lat="55.776040" lon="13.780760"><ele>178.9</ele></trkpt>
      <trkpt lat="55.776020" lon="13.780550"><ele>178.8</ele></trkpt>
      <trkpt lat="55.776020" lon="13.780500"><ele>178.7</ele></trkpt>
      <trkpt lat="55.775980" lon="13.780250"><ele>178.6</ele></trkpt>
      <trkpt lat="55.775980" lon="13.780240"><ele>178.6</ele></trkpt>
      <trkpt lat="55.775910" lon="13.779940"><ele>178.6</ele></trkpt>
      <trkpt lat="55.775900" lon="13.779890"><ele>178.5</ele></trkpt>
      <trkpt lat="55.775850" lon="13.779560"><ele>178.4</ele></trkpt>
      <trkpt lat="55.775820" lon="13.779320"><ele>178.2</ele></trkpt>
      <trkpt lat="55.775810" lon="13.779240"><ele>178.0</ele></trkpt>
      <trkpt lat="55.775800" lon="13.779010"><ele>177.9</ele></trkpt>
      <trkpt lat="55.775790" lon="13.778880"><ele>177.9</ele></trkpt>
      <trkpt lat="55.775750" lon="13.778520"><ele>177.8</ele></trkpt>
      <trkpt lat="55.775710" lon="13.778250"><ele>177.5</ele></trkpt>
      <trkpt lat="55.775670" lon="13.778080"><ele>177.1</ele></trkpt>
      <trkpt lat="55.775670" lon="13.778080"><ele>177.1</ele></trkpt>
      <trkpt lat="55.775580" lon="13.777800"><ele>176.3</ele></trkpt>
      <trkpt lat="55.775520" lon="13.777630"><ele>175.9</ele></trkpt>
      <trkpt lat="55.775480" lon="13.777530"><ele>175.6</ele></trkpt>
      <trkpt lat="55.775280" lon="13.776930"><ele>174.9</ele></trkpt>
      <trkpt lat="55.775220" lon="13.776700"><ele>174.8</ele></trkpt>
      <trkpt lat="55.775220" lon="13.776690"><ele>174.8</ele></trkpt>
      <trkpt lat="55.775190" lon="13.776500"><ele>174.6</ele></trkpt>
      <trkpt lat="55.775160" lon="13.776200"><ele>174.2</ele></trkpt>
      <trkpt lat="55.775050" lon="13.774900"><ele>173.8</ele></trkpt>
      <trkpt lat="55.775020" lon="13.774490"><ele>173.4</ele></trkpt>
      <trkpt lat="55.774990" lon="13.774170"><ele>173.0</ele></trkpt>
      <trkpt lat="55.774990" lon="13.774120"><ele>173.0</ele></trkpt>
      <trkpt lat="55.774950" lon="13.773470"><ele>172.9</ele></trkpt>
      <trkpt lat="55.774920" lon="13.772930"><ele>171.9</ele></trkpt>
      <trkpt lat="55.774910" lon="13.772900"><ele>171.8</ele></trkpt>
      <trkpt lat="55.774880" lon="13.772630"><ele>171.1</ele></trkpt>
      <trkpt lat="55.774810" lon="13.772280"><ele>170.5</ele></trkpt>
      <trkpt lat="55.774690" lon="13.771780"><ele>169.8</ele></trkpt>
      <trkpt lat="55.774670" lon="13.771700"><ele>169.6</ele></trkpt>
      <trkpt lat="55.774360" lon="13.770540"><ele>167.9</ele></trkpt>
      <trkpt lat="55.774100" lon="13.769740"><ele>166.6</ele></trkpt>
      <trkpt lat="55.774090" lon="13.769710"><ele>166.6</ele></trkpt>
      <trkpt lat="55.774010" lon="13.769470"><ele>166.2</ele></trkpt>
      <trkpt lat="55.773960" lon="13.769270"><ele>165.9</ele></trkpt>
      <trkpt lat="55.773940" lon="13.769140"><ele>165.7</ele></trkpt>
      <trkpt lat="55.773930" lon="13.769050"><ele>165.7</ele></trkpt>
      <trkpt lat="55.773920" lon="13.768820"><ele>165.6</ele></trkpt>
      <trkpt lat="55.773920" lon="13.768700"><ele>165.5</ele></trkpt>
      <trkpt lat="55.773900" lon="13.768500"><ele>165.4</ele></trkpt>
      <trkpt lat="55.773890" lon="13.768390"><ele>165.4</ele></trkpt>
      <trkpt lat="55.773830" lon="13.768080"><ele>165.0</ele></trkpt>
      <trkpt lat="55.773730" lon="13.767710"><ele>164.6</ele></trkpt>
      <trkpt lat="55.773600" lon="13.767410"><ele>164.3</ele></trkpt>
      <trkpt lat="55.773530" lon="13.767290"><ele>164.2</ele></trkpt>
      <trkpt lat="55.773480" lon="13.767200"><ele>164.2</ele></trkpt>
      <trkpt lat="55.773340" lon="13.767010"><ele>164.0</ele></trkpt>
      <trkpt lat="55.773230" lon="13.766840"><ele>163.9</ele></trkpt>
      <trkpt lat="55.773200" lon="13.766800"><ele>163.9</ele></trkpt>
      <trkpt lat="55.773170" lon="13.766740"><ele>163.8</ele></trkpt>
      <trkpt lat="55.773150" lon="13.766710"><ele>163.8</ele></trkpt>
      <trkpt lat="55.773100" lon="13.766550"><ele>163.6</ele></trkpt>
      <trkpt lat="55.773080" lon="13.766490"><ele>163.5</ele></trkpt>
      <trkpt lat="55.773030" lon="13.766270"><ele>163.2</ele></trkpt>
      <trkpt lat="55.773010" lon="13.766090"><ele>162.9</ele></trkpt>
      <trkpt lat="55.773000" lon="13.765940"><ele>162.7</ele></trkpt>
      <trkpt lat="55.773000" lon="13.765880"><ele>162.7</ele></trkpt>
      <trkpt lat="55.772990" lon="13.765400"><ele>162.1</ele></trkpt>
      <trkpt lat="55.772960" lon="13.764290"><ele>161.5</ele></trkpt>
      <trkpt lat="55.772960" lon="13.764070"><ele>161.4</ele></trkpt>
      <trkpt lat="55.772970" lon="13.763870"><ele>161.4</ele></trkpt>
      <trkpt lat="55.773030" lon="13.763410"><ele>161.4</ele></trkpt>
      <trkpt lat="55.773080" lon="13.762940"><ele>160.7</ele></trkpt>
      <trkpt lat="55.773100" lon="13.762770"><ele>160.4</ele></trkpt>
      <trkpt lat="55.773140" lon="13.762510"><ele>160.0</ele></trkpt>
      <trkpt lat="55.773150" lon="13.762480"><ele>160.0</ele></trkpt>
      <trkpt lat="55.773180" lon="13.762290"><ele>159.7</ele></trkpt>
      <trkpt lat="55.773250" lon="13.762030"><ele>159.4</ele></trkpt>
      <trkpt lat="55.773380" lon="13.761630"><ele>158.9</ele></trkpt>
      <trkpt lat="55.773490" lon="13.761290"><ele>158.1</ele></trkpt>
      <trkpt lat="55.773560" lon="13.761100"><ele>157.7</ele></trkpt>
      <trkpt lat="55.773570" lon="13.761070"><ele>157.7</ele></trkpt>
      <trkpt lat="55.773630" lon="13.760870"><ele>157.4</ele></trkpt>
      <trkpt lat="55.773650" lon="13.760790"><ele>157.3</ele></trkpt>
      <trkpt lat="55.773700" lon="13.760590"><ele>157.3</ele></trkpt>
      <trkpt lat="55.773790" lon="13.760140"><ele>157.2</ele></trkpt>
      <trkpt lat="55.773840" lon="13.759890"><ele>157.2</ele></trkpt>
      <trkpt lat="55.773850" lon="13.759780"><ele>157.2</ele></trkpt>
      <trkpt lat="55.773940" lon="13.759260"><ele>157.5</ele></trkpt>
      <trkpt lat="55.774030" lon="13.758690"><ele>157.7</ele></trkpt>
      <trkpt lat="55.774040" lon="13.758660"><ele>157.7</ele></trkpt>
      <trkpt lat="55.774160" lon="13.757930"><ele>157.0</ele></trkpt>
      <trkpt lat="55.774240" lon="13.757420"><ele>155.8</ele></trkpt>
      <trkpt lat="55.774260" lon="13.757060"><ele>155.4</ele></trkpt>
      <trkpt lat="55.774270" lon="13.756860"><ele>155.1</ele></trkpt>
      <trkpt lat="55.774270" lon="13.756800"><ele>155.0</ele></trkpt>
      <trkpt lat="55.774280" lon="13.756610"><ele>154.9</ele></trkpt>
      <trkpt lat="55.774280" lon="13.756290"><ele>154.8</ele></trkpt>
      <trkpt lat="55.774260" lon="13.756040"><ele>154.8</ele></trkpt>
      <trkpt lat="55.774250" lon="13.755840"><ele>154.8</ele></trkpt>
      <trkpt lat="55.774240" lon="13.755760"><ele>154.8</ele></trkpt>
      <trkpt lat="55.774210" lon="13.755490"><ele>154.9</ele></trkpt>
      <trkpt lat="55.774180" lon="13.755220"><ele>155.0</ele></trkpt>
      <trkpt lat="55.774110" lon="13.754660"><ele>154.5</ele></trkpt>
      <trkpt lat="55.774100" lon="13.754590"><ele>154.4</ele></trkpt>
      <trkpt lat="55.774100" lon="13.754550"><ele>154.4</ele></trkpt>
      <trkpt lat="55.774050" lon="13.754240"><ele>153.9</ele></trkpt>
      <trkpt lat="55.773990" lon="13.753990"><ele>153.6</ele></trkpt>
      <trkpt lat="55.773990" lon="13.753980"><ele>153.6</ele></trkpt>
      <trkpt lat="55.773970" lon="13.753900"><ele>153.4</ele></trkpt>
      <trkpt lat="55.773910" lon="13.753620"><ele>153.0</ele></trkpt>
      <trkpt lat="55.773850" lon="13.753340"><ele>152.6</ele></trkpt>
      <trkpt lat="55.773770" lon="13.752870"><ele>152.2</ele></trkpt>
      <trkpt lat="55.773730" lon="13.752720"><ele>152.1</ele></trkpt>
      <trkpt lat="55.773680" lon="13.752570"><ele>152.0</ele></trkpt>
      <trkpt lat="55.773650" lon="13.752510"><ele>152.0</ele></trkpt>
      <trkpt lat="55.773630" lon="13.752470"><ele>152.0</ele></trkpt>
      <trkpt lat="55.773530" lon="13.752310"><ele>151.9</ele></trkpt>
      <trkpt lat="55.773480" lon="13.752250"><ele>151.9</ele></trkpt>
      <trkpt lat="55.773370" lon="13.752120"><ele>152.0</ele></trkpt>
      <trkpt lat="55.773350" lon="13.752090"><ele>152.0</ele></trkpt>
      <trkpt lat="55.773150" lon="13.751860"><ele>152.2</ele></trkpt>
      <trkpt lat="55.773000" lon="13.751710"><ele>152.4</ele></trkpt>
      <trkpt lat="55.772910" lon="13.751600"><ele>152.4</ele></trkpt>
      <trkpt lat="55.772860" lon="13.751520"><ele>152.4</ele></trkpt>
      <trkpt lat="55.772750" lon="13.751330"><ele>152.3</ele></trkpt>
      <trkpt lat="55.772670" lon="13.751160"><ele>152.2</ele></trkpt>
      <trkpt lat="55.772580" lon="13.750800"><ele>151.9</ele></trkpt>
      <trkpt lat="55.772560" lon="13.750640"><ele>151.9</ele></trkpt>
      <trkpt lat="55.772520" lon="13.750360"><ele>152.0</ele></trkpt>
      <trkpt lat="55.772510" lon="13.750340"><ele>152.0</ele></trkpt>
      <trkpt lat="55.772460" lon="13.750110"><ele>152.0</ele></trkpt>
      <trkpt lat="55.772380" lon="13.749820"><ele>151.6</ele></trkpt>
      <trkpt lat="55.772270" lon="13.749530"><ele>151.2</ele></trkpt>
      <trkpt lat="55.772190" lon="13.749280"><ele>150.8</ele></trkpt>
      <trkpt lat="55.772170" lon="13.749240"><ele>150.7</ele></trkpt>
      <trkpt lat="55.772140" lon="13.749160"><ele>150.6</ele></trkpt>
      <trkpt lat="55.771980" lon="13.748720"><ele>150.4</ele></trkpt>
      <trkpt lat="55.771850" lon="13.748500"><ele>150.2</ele></trkpt>
      <trkpt lat="55.771760" lon="13.748360"><ele>150.1</ele></trkpt>
      <trkpt lat="55.771720" lon="13.748290"><ele>150.0</ele></trkpt>
      <trkpt lat="55.771640" lon="13.748170"><ele>149.8</ele></trkpt>
      <trkpt lat="55.771570" lon="13.748100"><ele>149.7</ele></trkpt>
      <trkpt lat="55.771480" lon="13.747990"><ele>149.6</ele></trkpt>
      <trkpt lat="55.771420" lon="13.747930"><ele>149.5</ele></trkpt>
      <trkpt lat="55.771250" lon="13.747740"><ele>149.3</ele></trkpt>
      <trkpt lat="55.771120" lon="13.747620"><ele>149.1</ele></trkpt>
      <trkpt lat="55.771110" lon="13.747600"><ele>149.1</ele></trkpt>
      <trkpt lat="55.771050" lon="13.747500"><ele>149.0</ele></trkpt>
      <trkpt lat="55.771000" lon="13.747380"><ele>149.0</ele></trkpt>
      <trkpt lat="55.771000" lon="13.747360"><ele>149.0</ele></trkpt>
      <trkpt lat="55.771000" lon="13.747170"><ele>148.9</ele></trkpt>
      <trkpt lat="55.771020" lon="13.747060"><ele>148.9</ele></trkpt>
      <trkpt lat="55.771000" lon="13.746890"><ele>148.9</ele></trkpt>
      <trkpt lat="55.770900" lon="13.746640"><ele>148.9</ele></trkpt>
      <trkpt lat="55.770900" lon="13.746630"><ele>148.9</ele></trkpt>
      <trkpt lat="55.770770" lon="13.746370"><ele>148.5</ele></trkpt>
      <trkpt lat="55.770660" lon="13.746150"><ele>148.0</ele></trkpt>
      <trkpt lat="55.770590" lon="13.746020"><ele>147.6</ele></trkpt>
      <trkpt lat="55.770480" lon="13.745730"><ele>147.1</ele></trkpt>
      <trkpt lat="55.770270" lon="13.745170"><ele>146.4</ele></trkpt>
      <trkpt lat="55.770240" lon="13.745110"><ele>146.3</ele></trkpt>
      <trkpt lat="55.770120" lon="13.744850"><ele>146.1</ele></trkpt>
      <trkpt lat="55.769910" lon="13.744350"><ele>145.9</ele></trkpt>
      <trkpt lat="55.769890" lon="13.744320"><ele>145.8</ele></trkpt>
      <trkpt lat="55.769830" lon="13.744080"><ele>145.8</ele></trkpt>
      <trkpt lat="55.769820" lon="13.744070"><ele>145.8</ele></trkpt>
      <trkpt lat="55.769750" lon="13.743780"><ele>145.7</ele></trkpt>
      <trkpt lat="55.769750" lon="13.743770"><ele>145.7</ele></trkpt>
      <trkpt lat="55.769700" lon="13.743470"><ele>145.6</ele></trkpt>
      <trkpt lat="55.769670" lon="13.743270"><ele>145.8</ele></trkpt>
      <trkpt lat="55.769650" lon="13.743160"><ele>146.0</ele></trkpt>
      <trkpt lat="55.769620" lon="13.742850"><ele>146.7</ele></trkpt>
      <trkpt lat="55.769570" lon="13.742430"><ele>147.6</ele></trkpt>
      <trkpt lat="55.769540" lon="13.742210"><ele>147.8</ele></trkpt>
      <trkpt lat="55.769450" lon="13.742020"><ele>147.9</ele></trkpt>
      <trkpt lat="55.769360" lon="13.741850"><ele>148.0</ele></trkpt>
      <trkpt lat="55.769320" lon="13.741790"><ele>148.0</ele></trkpt>
      <trkpt lat="55.769290" lon="13.741740"><ele>148.1</ele></trkpt>
      <trkpt lat="55.769250" lon="13.741650"><ele>148.1</ele></trkpt>
      <trkpt lat="55.768950" lon="13.741090"><ele>146.0</ele></trkpt>
      <trkpt lat="55.768900" lon="13.741010"><ele>145.6</ele></trkpt>
      <trkpt lat="55.768830" lon="13.740850"><ele>145.0</ele></trkpt>
      <trkpt lat="55.768800" lon="13.740790"><ele>144.8</ele></trkpt>
      <trkpt lat="55.768790" lon="13.740720"><ele>144.7</ele></trkpt>
      <trkpt lat="55.768760" lon="13.740560"><ele>144.4</ele></trkpt>
      <trkpt lat="55.768750" lon="13.740530"><ele>144.3</ele></trkpt>
      <trkpt lat="55.768710" lon="13.740290"><ele>144.0</ele></trkpt>
      <trkpt lat="55.768660" lon="13.739790"><ele>143.7</ele></trkpt>
      <trkpt lat="55.768650" lon="13.739620"><ele>143.7</ele></trkpt>
      <trkpt lat="55.768620" lon="13.739360"><ele>143.9</ele></trkpt>
      <trkpt lat="55.768620" lon="13.739310"><ele>143.9</ele></trkpt>
      <trkpt lat="55.768620" lon="13.739160"><ele>144.0</ele></trkpt>
      <trkpt lat="55.768610" lon="13.738990"><ele>144.0</ele></trkpt>
      <trkpt lat="55.768620" lon="13.738840"><ele>144.0</ele></trkpt>
      <trkpt lat="55.768640" lon="13.738670"><ele>143.9</ele></trkpt>
      <trkpt lat="55.768640" lon="13.738630"><ele>143.9</ele></trkpt>
      <trkpt lat="55.768650" lon="13.738530"><ele>143.9</ele></trkpt>
      <trkpt lat="55.768670" lon="13.738350"><ele>143.8</ele></trkpt>
      <trkpt lat="55.768680" lon="13.738210"><ele>143.7</ele></trkpt>
      <trkpt lat="55.768690" lon="13.737900"><ele>143.6</ele></trkpt>
      <trkpt lat="55.768680" lon="13.737570"><ele>143.6</ele></trkpt>
      <trkpt lat="55.768570" lon="13.736700"><ele>143.7</ele></trkpt>
      <trkpt lat="55.768570" lon="13.736640"><ele>143.7</ele></trkpt>
      <trkpt lat="55.768530" lon="13.736320"><ele>143.3</ele></trkpt>
      <trkpt lat="55.768490" lon="13.736010"><ele>143.0</ele></trkpt>
      <trkpt lat="55.768480" lon="13.735950"><ele>143.0</ele></trkpt>
      <trkpt lat="55.768430" lon="13.735690"><ele>142.7</ele></trkpt>
      <trkpt lat="55.768360" lon="13.735250"><ele>142.3</ele></trkpt>
      <trkpt lat="55.768340" lon="13.735080"><ele>142.1</ele></trkpt>
      <trkpt lat="55.768300" lon="13.734820"><ele>141.7</ele></trkpt>
      <trkpt lat="55.768260" lon="13.734490"><ele>141.2</ele></trkpt>
      <trkpt lat="55.768250" lon="13.734460"><ele>141.2</ele></trkpt>
      <trkpt lat="55.768210" lon="13.734140"><ele>140.7</ele></trkpt>
      <trkpt lat="55.768180" lon="13.733830"><ele>140.6</ele></trkpt>
      <trkpt lat="55.768170" lon="13.733770"><ele>140.5</ele></trkpt>
      <trkpt lat="55.768090" lon="13.733160"><ele>140.0</ele></trkpt>
      <trkpt lat="55.768030" lon="13.732750"><ele>139.5</ele></trkpt>
      <trkpt lat="55.767980" lon="13.732470"><ele>139.1</ele></trkpt>
      <trkpt lat="55.767940" lon="13.732290"><ele>138.9</ele></trkpt>
      <trkpt lat="55.767910" lon="13.732180"><ele>138.8</ele></trkpt>
      <trkpt lat="55.767850" lon="13.731960"><ele>138.6</ele></trkpt>
      <trkpt lat="55.767790" lon="13.731800"><ele>138.4</ele></trkpt>
      <trkpt lat="55.767730" lon="13.731670"><ele>138.3</ele></trkpt>
      <trkpt lat="55.767620" lon="13.731400"><ele>137.8</ele></trkpt>
      <trkpt lat="55.767500" lon="13.730990"><ele>137.2</ele></trkpt>
      <trkpt lat="55.767430" lon="13.730700"><ele>136.6</ele></trkpt>
      <trkpt lat="55.767380" lon="13.730510"><ele>136.2</ele></trkpt>
      <trkpt lat="55.767310" lon="13.730150"><ele>135.7</ele></trkpt>
      <trkpt lat="55.767200" lon="13.729580"><ele>135.5</ele></trkpt>
      <trkpt lat="55.767140" lon="13.729220"><ele>135.5</ele></trkpt>
      <trkpt lat="55.767080" lon="13.728920"><ele>135.5</ele></trkpt>
      <trkpt lat="55.766980" lon="13.728400"><ele>135.4</ele></trkpt>
      <trkpt lat="55.766890" lon="13.727980"><ele>134.8</ele></trkpt>
      <trkpt lat="55.766800" lon="13.727580"><ele>134.3</ele></trkpt>
      <trkpt lat="55.766710" lon="13.727280"><ele>134.1</ele></trkpt>
      <trkpt lat="55.766650" lon="13.727090"><ele>134.0</ele></trkpt>
      <trkpt lat="55.766580" lon="13.726950"><ele>133.7</ele></trkpt>
      <trkpt lat="55.766440" lon="13.726670"><ele>133.2</ele></trkpt>
      <trkpt lat="55.766320" lon="13.726390"><ele>132.4</ele></trkpt>
      <trkpt lat="55.766230" lon="13.726060"><ele>131.7</ele></trkpt>
      <trkpt lat="55.766150" lon="13.725610"><ele>130.9</ele></trkpt>
      <trkpt lat="55.766070" lon="13.725260"><ele>130.2</ele></trkpt>
      <trkpt lat="55.766000" lon="13.725030"><ele>129.6</ele></trkpt>
      <trkpt lat="55.765920" lon="13.724820"><ele>129.5</ele></trkpt>
      <trkpt lat="55.765790" lon="13.724440"><ele>129.6</ele></trkpt>
      <trkpt lat="55.765700" lon="13.724100"><ele>129.7</ele></trkpt>
      <trkpt lat="55.765670" lon="13.723890"><ele>129.6</ele></trkpt>
      <trkpt lat="55.765670" lon="13.723790"><ele>129.6</ele></trkpt>
      <trkpt lat="55.765660" lon="13.723640"><ele>129.6</ele></trkpt>
      <trkpt lat="55.765660" lon="13.723460"><ele>129.6</ele></trkpt>
      <trkpt lat="55.765650" lon="13.723200"><ele>129.5</ele></trkpt>
      <trkpt lat="55.765660" lon="13.722790"><ele>129.4</ele></trkpt>
      <trkpt lat="55.765670" lon="13.722450"><ele>129.4</ele></trkpt>
      <trkpt lat="55.765660" lon="13.722160"><ele>129.4</ele></trkpt>
      <trkpt lat="55.765640" lon="13.721840"><ele>129.3</ele></trkpt>
      <trkpt lat="55.765640" lon="13.721810"><ele>129.3</ele></trkpt>
      <trkpt lat="55.765590" lon="13.721420"><ele>129.3</ele></trkpt>
      <trkpt lat="55.765540" lon="13.720870"><ele>129.6</ele></trkpt>
      <trkpt lat="55.765540" lon="13.720860"><ele>129.6</ele></trkpt>
      <trkpt lat="55.765500" lon="13.720560"><ele>129.4</ele></trkpt>
      <trkpt lat="55.765490" lon="13.720490"><ele>129.4</ele></trkpt>
      <trkpt lat="55.765430" lon="13.720160"><ele>129.1</ele></trkpt>
      <trkpt lat="55.765400" lon="13.720050"><ele>128.9</ele></trkpt>
      <trkpt lat="55.765330" lon="13.719840"><ele>128.7</ele></trkpt>
      <trkpt lat="55.765270" lon="13.719650"><ele>128.7</ele></trkpt>
      <trkpt lat="55.765210" lon="13.719520"><ele>128.8</ele></trkpt>
      <trkpt lat="55.765160" lon="13.719400"><ele>128.9</ele></trkpt>
      <trkpt lat="55.765050" lon="13.719140"><ele>129.0</ele></trkpt>
      <trkpt lat="55.765040" lon="13.719110"><ele>129.0</ele></trkpt>
      <trkpt lat="55.764950" lon="13.718880"><ele>129.1</ele></trkpt>
      <trkpt lat="55.764900" lon="13.718760"><ele>129.2</ele></trkpt>
      <trkpt lat="55.764850" lon="13.718610"><ele>129.2</ele></trkpt>
      <trkpt lat="55.764770" lon="13.718400"><ele>129.4</ele></trkpt>
      <trkpt lat="55.764660" lon="13.717950"><ele>129.6</ele></trkpt>
      <trkpt lat="55.764600" lon="13.717730"><ele>129.8</ele></trkpt>
      <trkpt lat="55.764530" lon="13.717460"><ele>129.9</ele></trkpt>
      <trkpt lat="55.764530" lon="13.717440"><ele>129.9</ele></trkpt>
      <trkpt lat="55.764420" lon="13.717100"><ele>129.8</ele></trkpt>
      <trkpt lat="55.764330" lon="13.716900"><ele>129.5</ele></trkpt>
      <trkpt lat="55.764260" lon="13.716740"><ele>129.3</ele></trkpt>
      <trkpt lat="55.764220" lon="13.716660"><ele>129.2</ele></trkpt>
      <trkpt lat="55.764100" lon="13.716420"><ele>128.5</ele></trkpt>
      <trkpt lat="55.764090" lon="13.716410"><ele>128.5</ele></trkpt>
      <trkpt lat="55.763970" lon="13.716200"><ele>128.0</ele></trkpt>
      <trkpt lat="55.763930" lon="13.716140"><ele>127.8</ele></trkpt>
      <trkpt lat="55.763800" lon="13.715950"><ele>127.3</ele></trkpt>
      <trkpt lat="55.763660" lon="13.715780"><ele>126.8</ele></trkpt>
      <trkpt lat="55.763510" lon="13.715650"><ele>126.4</ele></trkpt>
      <trkpt lat="55.763430" lon="13.715570"><ele>126.2</ele></trkpt>
      <trkpt lat="55.763290" lon="13.715480"><ele>126.0</ele></trkpt>
      <trkpt lat="55.763090" lon="13.715340"><ele>126.2</ele></trkpt>
      <trkpt lat="55.763080" lon="13.715330"><ele>126.2</ele></trkpt>
      <trkpt lat="55.762940" lon="13.715220"><ele>126.3</ele></trkpt>
      <trkpt lat="55.762830" lon="13.715130"><ele>126.5</ele></trkpt>
      <trkpt lat="55.762740" lon="13.715040"><ele>126.7</ele></trkpt>
      <trkpt lat="55.762540" lon="13.714820"><ele>126.7</ele></trkpt>
      <trkpt lat="55.762350" lon="13.714630"><ele>126.2</ele></trkpt>
      <trkpt lat="55.762210" lon="13.714470"><ele>125.7</ele></trkpt>
      <trkpt lat="55.762140" lon="13.714390"><ele>125.4</ele></trkpt>
      <trkpt lat="55.762030" lon="13.714220"><ele>124.9</ele></trkpt>
      <trkpt lat="55.761950" lon="13.714100"><ele>124.6</ele></trkpt>
      <trkpt lat="55.761830" lon="13.713800"><ele>124.0</ele></trkpt>
      <trkpt lat="55.761820" lon="13.713780"><ele>123.9</ele></trkpt>
      <trkpt lat="55.761720" lon="13.713550"><ele>123.4</ele></trkpt>
      <trkpt lat="55.761650" lon="13.713360"><ele>123.0</ele></trkpt>
      <trkpt lat="55.761510" lon="13.713010"><ele>122.2</ele></trkpt>
      <trkpt lat="55.761410" lon="13.712770"><ele>121.8</ele></trkpt>
      <trkpt lat="55.761300" lon="13.712510"><ele>121.6</ele></trkpt>
      <trkpt lat="55.761280" lon="13.712470"><ele>121.5</ele></trkpt>
      <trkpt lat="55.761090" lon="13.712000"><ele>121.3</ele></trkpt>
      <trkpt lat="55.761020" lon="13.711840"><ele>121.2</ele></trkpt>
      <trkpt lat="55.760950" lon="13.711660"><ele>121.1</ele></trkpt>
      <trkpt lat="55.760750" lon="13.711190"><ele>121.7</ele></trkpt>
      <trkpt lat="55.760600" lon="13.710810"><ele>122.3</ele></trkpt>
      <trkpt lat="55.760540" lon="13.710660"><ele>122.4</ele></trkpt>
      <trkpt lat="55.760450" lon="13.710350"><ele>122.5</ele></trkpt>
      <trkpt lat="55.760360" lon="13.709860"><ele>122.7</ele></trkpt>
      <trkpt lat="55.760320" lon="13.709570"><ele>122.9</ele></trkpt>
      <trkpt lat="55.760310" lon="13.709380"><ele>123.1</ele></trkpt>
      <trkpt lat="55.760300" lon="13.709250"><ele>123.2</ele></trkpt>
      <trkpt lat="55.760260" lon="13.708750"><ele>123.7</ele></trkpt>
      <trkpt lat="55.760240" lon="13.708300"><ele>124.2</ele></trkpt>
      <trkpt lat="55.760240" lon="13.708250"><ele>124.3</ele></trkpt>
      <trkpt lat="55.760240" lon="13.707980"><ele>124.7</ele></trkpt>
      <trkpt lat="55.760250" lon="13.707880"><ele>124.8</ele></trkpt>
      <trkpt lat="55.760280" lon="13.707560"><ele>125.2</ele></trkpt>
      <trkpt lat="55.760340" lon="13.707110"><ele>125.4</ele></trkpt>
      <trkpt lat="55.760410" lon="13.706740"><ele>125.5</ele></trkpt>
      <trkpt lat="55.760430" lon="13.706600"><ele>125.6</ele></trkpt>
      <trkpt lat="55.760500" lon="13.706120"><ele>126.1</ele></trkpt>
      <trkpt lat="55.760520" lon="13.705960"><ele>126.2</ele></trkpt>
      <trkpt lat="55.760550" lon="13.705590"><ele>126.6</ele></trkpt>
      <trkpt lat="55.760550" lon="13.705490"><ele>126.8</ele></trkpt>
      <trkpt lat="55.760550" lon="13.705200"><ele>127.1</ele></trkpt>
      <trkpt lat="55.760550" lon="13.705170"><ele>127.1</ele></trkpt>
      <trkpt lat="55.760540" lon="13.704850"><ele>127.6</ele></trkpt>
      <trkpt lat="55.760540" lon="13.704830"><ele>127.7</ele></trkpt>
      <trkpt lat="55.760520" lon="13.704550"><ele>128.3</ele></trkpt>
      <trkpt lat="55.760520" lon="13.704180"><ele>129.0</ele></trkpt>
      <trkpt lat="55.760530" lon="13.703890"><ele>129.4</ele></trkpt>
      <trkpt lat="55.760530" lon="13.703730"><ele>129.7</ele></trkpt>
      <trkpt lat="55.760530" lon="13.703690"><ele>129.7</ele></trkpt>
      <trkpt lat="55.760540" lon="13.703580"><ele>129.9</ele></trkpt>
      <trkpt lat="55.760560" lon="13.703280"><ele>130.3</ele></trkpt>
      <trkpt lat="55.760580" lon="13.702940"><ele>129.9</ele></trkpt>
      <trkpt lat="55.760600" lon="13.702620"><ele>129.6</ele></trkpt>
      <trkpt lat="55.760600" lon="13.702570"><ele>129.5</ele></trkpt>
      <trkpt lat="55.760630" lon="13.702010"><ele>129.1</ele></trkpt>
      <trkpt lat="55.760630" lon="13.701690"><ele>128.8</ele></trkpt>
      <trkpt lat="55.760620" lon="13.701670"><ele>128.7</ele></trkpt>
      <trkpt lat="55.760610" lon="13.701460"><ele>128.6</ele></trkpt>
      <trkpt lat="55.760560" lon="13.700950"><ele>128.1</ele></trkpt>
      <trkpt lat="55.760550" lon="13.700560"><ele>128.0</ele></trkpt>
      <trkpt lat="55.760550" lon="13.700030"><ele>128.0</ele></trkpt>
      <trkpt lat="55.760550" lon="13.699690"><ele>127.5</ele></trkpt>
      <trkpt lat="55.760550" lon="13.699310"><ele>126.9</ele></trkpt>
      <trkpt lat="55.760530" lon="13.698740"><ele>126.1</ele></trkpt>
      <trkpt lat="55.760470" lon="13.697770"><ele>124.9</ele></trkpt>
      <trkpt lat="55.760460" lon="13.697460"><ele>124.5</ele></trkpt>
      <trkpt lat="55.760440" lon="13.697220"><ele>124.4</ele></trkpt>
      <trkpt lat="55.760410" lon="13.696760"><ele>124.1</ele></trkpt>
      <trkpt lat="55.760410" lon="13.696220"><ele>123.5</ele></trkpt>
      <trkpt lat="55.760410" lon="13.695860"><ele>123.0</ele></trkpt>
      <trkpt lat="55.760410" lon="13.695750"><ele>123.0</ele></trkpt>
      <trkpt lat="55.760410" lon="13.695380"><ele>123.0</ele></trkpt>
      <trkpt lat="55.760430" lon="13.695180"><ele>123.0</ele></trkpt>
      <trkpt lat="55.760470" lon="13.694390"><ele>123.1</ele></trkpt>
      <trkpt lat="55.760490" lon="13.693950"><ele>123.2</ele></trkpt>
      <trkpt lat="55.760500" lon="13.693940"><ele>123.2</ele></trkpt>
      <trkpt lat="55.760530" lon="13.693640"><ele>123.3</ele></trkpt>
      <trkpt lat="55.760540" lon="13.693560"><ele>123.3</ele></trkpt>
      <trkpt lat="55.760600" lon="13.693170"><ele>123.2</ele></trkpt>
      <trkpt lat="55.760650" lon="13.692880"><ele>123.0</ele></trkpt>
      <trkpt lat="55.760690" lon="13.692640"><ele>122.8</ele></trkpt>
      <trkpt lat="55.760710" lon="13.692410"><ele>122.7</ele></trkpt>
      <trkpt lat="55.760710" lon="13.692170"><ele>122.7</ele></trkpt>
      <trkpt lat="55.760690" lon="13.691910"><ele>122.7</ele></trkpt>
      <trkpt lat="55.760680" lon="13.691770"><ele>122.6</ele></trkpt>
      <trkpt lat="55.760660" lon="13.691610"><ele>122.6</ele></trkpt>
      <trkpt lat="55.760610" lon="13.691100"><ele>123.0</ele></trkpt>
      <trkpt lat="55.760560" lon="13.690570"><ele>123.0</ele></trkpt>
      <trkpt lat="55.760550" lon="13.690510"><ele>123.0</ele></trkpt>
      <trkpt lat="55.760540" lon="13.690330"><ele>122.9</ele></trkpt>
      <trkpt lat="55.760490" lon="13.690020"><ele>122.8</ele></trkpt>
      <trkpt lat="55.760390" lon="13.689570"><ele>122.6</ele></trkpt>
      <trkpt lat="55.760270" lon="13.689140"><ele>122.3</ele></trkpt>
      <trkpt lat="55.760150" lon="13.688770"><ele>121.7</ele></trkpt>
      <trkpt lat="55.760140" lon="13.688750"><ele>121.7</ele></trkpt>
      <trkpt lat="55.760040" lon="13.688490"><ele>121.2</ele></trkpt>
      <trkpt lat="55.759970" lon="13.688320"><ele>121.1</ele></trkpt>
      <trkpt lat="55.759870" lon="13.688050"><ele>122.1</ele></trkpt>
      <trkpt lat="55.759840" lon="13.687990"><ele>122.3</ele></trkpt>
      <trkpt lat="55.759830" lon="13.687960"><ele>122.4</ele></trkpt>
      <trkpt lat="55.759820" lon="13.687930"><ele>122.5</ele></trkpt>
      <trkpt lat="55.759800" lon="13.687860"><ele>122.7</ele></trkpt>
      <trkpt lat="55.759750" lon="13.687680"><ele>123.2</ele></trkpt>
      <trkpt lat="55.759700" lon="13.687290"><ele>124.1</ele></trkpt>
      <trkpt lat="55.759650" lon="13.686930"><ele>124.7</ele></trkpt>
      <trkpt lat="55.759640" lon="13.686800"><ele>124.9</ele></trkpt>
      <trkpt lat="55.759630" lon="13.686550"><ele>125.1</ele></trkpt>
      <trkpt lat="55.759620" lon="13.686480"><ele>125.1</ele></trkpt>
      <trkpt lat="55.759600" lon="13.685940"><ele>125.0</ele></trkpt>
      <trkpt lat="55.759580" lon="13.685690"><ele>125.0</ele></trkpt>
      <trkpt lat="55.759540" lon="13.685540"><ele>125.0</ele></trkpt>
      <trkpt lat="55.759540" lon="13.685540"><ele>125.0</ele></trkpt>
      <trkpt lat="55.759510" lon="13.685510"><ele>125.0</ele></trkpt>
      <trkpt lat="55.759470" lon="13.685470"><ele>125.0</ele></trkpt>
      <trkpt lat="55.759370" lon="13.685420"><ele>125.0</ele></trkpt>
      <trkpt lat="55.759240" lon="13.685430"><ele>125.0</ele></trkpt>
      <trkpt lat="55.759130" lon="13.685460"><ele>125.1</ele></trkpt>
      <trkpt lat="55.759130" lon="13.685460"><ele>125.1</ele></trkpt>
      <trkpt lat="55.759160" lon="13.685210"><ele>125.0</ele></trkpt>
      <trkpt lat="55.759230" lon="13.685060"><ele>125.0</ele></trkpt>
      <trkpt lat="55.759310" lon="13.684910"><ele>125.1</ele></trkpt>
      <trkpt lat="55.759490" lon="13.684760"><ele>125.4</ele></trkpt>
      <trkpt lat="55.759560" lon="13.684700"><ele>125.5</ele></trkpt>
      <trkpt lat="55.759670" lon="13.684580"><ele>125.8</ele></trkpt>
      <trkpt lat="55.759790" lon="13.684430"><ele>126.2</ele></trkpt>
      <trkpt lat="55.759840" lon="13.684310"><ele>126.5</ele></trkpt>
      <trkpt lat="55.759870" lon="13.684200"><ele>126.8</ele></trkpt>
      <trkpt lat="55.759890" lon="13.684080"><ele>127.0</ele></trkpt>
      <trkpt lat="55.759900" lon="13.683860"><ele>127.2</ele></trkpt>
      <trkpt lat="55.759910" lon="13.683330"><ele>127.9</ele></trkpt>
      <trkpt lat="55.759920" lon="13.683050"><ele>127.9</ele></trkpt>
      <trkpt lat="55.759940" lon="13.682350"><ele>127.9</ele></trkpt>
      <trkpt lat="55.759940" lon="13.681880"><ele>127.9</ele></trkpt>
      <trkpt lat="55.759920" lon="13.681680"><ele>127.8</ele></trkpt>
      <trkpt lat="55.759920" lon="13.681530"><ele>128.0</ele></trkpt>
      <trkpt lat="55.759890" lon="13.681290"><ele>128.2</ele></trkpt>
      <trkpt lat="55.759860" lon="13.680900"><ele>128.6</ele></trkpt>
      <trkpt lat="55.759800" lon="13.680340"><ele>128.5</ele></trkpt>
      <trkpt lat="55.759720" lon="13.679480"><ele>127.9</ele></trkpt>
      <trkpt lat="55.759710" lon="13.679440"><ele>127.9</ele></trkpt>
      <trkpt lat="55.759620" lon="13.678950"><ele>127.5</ele></trkpt>
      <trkpt lat="55.759610" lon="13.678900"><ele>127.5</ele></trkpt>
      <trkpt lat="55.759550" lon="13.678470"><ele>127.5</ele></trkpt>
      <trkpt lat="55.759540" lon="13.678270"><ele>127.5</ele></trkpt>
      <trkpt lat="55.759460" lon="13.677740"><ele>127.8</ele></trkpt>
      <trkpt lat="55.759430" lon="13.677640"><ele>127.9</ele></trkpt>
      <trkpt lat="55.759380" lon="13.677390"><ele>128.1</ele></trkpt>
      <trkpt lat="55.759340" lon="13.677230"><ele>128.3</ele></trkpt>
      <trkpt lat="55.759300" lon="13.677080"><ele>128.4</ele></trkpt>
      <trkpt lat="55.759260" lon="13.676900"><ele>128.6</ele></trkpt>
      <trkpt lat="55.759220" lon="13.676700"><ele>128.9</ele></trkpt>
      <trkpt lat="55.759210" lon="13.676620"><ele>128.9</ele></trkpt>
      <trkpt lat="55.759200" lon="13.676620"><ele>129.0</ele></trkpt>
      <trkpt lat="55.759180" lon="13.676550"><ele>129.0</ele></trkpt>
      <trkpt lat="55.759160" lon="13.676490"><ele>129.0</ele></trkpt>
      <trkpt lat="55.759160" lon="13.676480"><ele>129.0</ele></trkpt>
      <trkpt lat="55.759080" lon="13.676240"><ele>128.8</ele></trkpt>
      <trkpt lat="55.759070" lon="13.676210"><ele>128.8</ele></trkpt>
      <trkpt lat="55.758980" lon="13.675940"><ele>128.6</ele></trkpt>
      <trkpt lat="55.758970" lon="13.675900"><ele>128.5</ele></trkpt>
      <trkpt lat="55.758700" lon="13.675150"><ele>127.9</ele></trkpt>
      <trkpt lat="55.758510" lon="13.674580"><ele>127.3</ele></trkpt>
      <trkpt lat="55.758430" lon="13.674340"><ele>127.1</ele></trkpt>
      <trkpt lat="55.758420" lon="13.674300"><ele>127.1</ele></trkpt>
      <trkpt lat="55.758400" lon="13.674270"><ele>127.1</ele></trkpt>
      <trkpt lat="55.758230" lon="13.673760"><ele>126.9</ele></trkpt>
      <trkpt lat="55.758140" lon="13.673500"><ele>126.8</ele></trkpt>
      <trkpt lat="55.758040" lon="13.673210"><ele>126.7</ele></trkpt>
      <trkpt lat="55.757950" lon="13.672940"><ele>126.8</ele></trkpt>
      <trkpt lat="55.757940" lon="13.672900"><ele>126.8</ele></trkpt>
      <trkpt lat="55.757880" lon="13.672720"><ele>126.9</ele></trkpt>
      <trkpt lat="55.757710" lon="13.672230"><ele>127.2</ele></trkpt>
      <trkpt lat="55.757580" lon="13.671860"><ele>127.7</ele></trkpt>
      <trkpt lat="55.757570" lon="13.671850"><ele>127.7</ele></trkpt>
      <trkpt lat="55.757560" lon="13.671810"><ele>127.8</ele></trkpt>
      <trkpt lat="55.757460" lon="13.671580"><ele>128.0</ele></trkpt>
      <trkpt lat="55.757330" lon="13.671290"><ele>128.1</ele></trkpt>
      <trkpt lat="55.757240" lon="13.671100"><ele>128.0</ele></trkpt>
      <trkpt lat="55.757180" lon="13.670990"><ele>128.0</ele></trkpt>
      <trkpt lat="55.757110" lon="13.670870"><ele>128.0</ele></trkpt>
      <trkpt lat="55.757090" lon="13.670840"><ele>128.0</ele></trkpt>
      <trkpt lat="55.757070" lon="13.670810"><ele>128.0</ele></trkpt>
      <trkpt lat="55.756980" lon="13.670690"><ele>128.0</ele></trkpt>
      <trkpt lat="55.756910" lon="13.670630"><ele>128.1</ele></trkpt>
      <trkpt lat="55.756800" lon="13.670560"><ele>128.1</ele></trkpt>
      <trkpt lat="55.756760" lon="13.670520"><ele>128.1</ele></trkpt>
      <trkpt lat="55.756600" lon="13.670430"><ele>128.1</ele></trkpt>
      <trkpt lat="55.756500" lon="13.670350"><ele>127.9</ele></trkpt>
      <trkpt lat="55.756410" lon="13.670240"><ele>127.7</ele></trkpt>
      <trkpt lat="55.756310" lon="13.670070"><ele>127.2</ele></trkpt>
      <trkpt lat="55.756130" lon="13.669590"><ele>126.8</ele></trkpt>
      <trkpt lat="55.755920" lon="13.669040"><ele>126.9</ele></trkpt>
      <trkpt lat="55.755830" lon="13.668790"><ele>127.0</ele></trkpt>
      <trkpt lat="55.755820" lon="13.668790"><ele>127.0</ele></trkpt>
      <trkpt lat="55.755820" lon="13.668770"><ele>127.0</ele></trkpt>
      <trkpt lat="55.755810" lon="13.668750"><ele>127.0</ele></trkpt>
      <trkpt lat="55.755720" lon="13.668540"><ele>127.1</ele></trkpt>
      <trkpt lat="55.755720" lon="13.668530"><ele>127.1</ele></trkpt>
      <trkpt lat="55.755580" lon="13.668260"><ele>127.2</ele></trkpt>
      <trkpt lat="55.755470" lon="13.668070"><ele>127.3</ele></trkpt>
      <trkpt lat="55.755450" lon="13.668030"><ele>127.3</ele></trkpt>
      <trkpt lat="55.755340" lon="13.667850"><ele>127.4</ele></trkpt>
      <trkpt lat="55.755320" lon="13.667820"><ele>127.4</ele></trkpt>
      <trkpt lat="55.755250" lon="13.667710"><ele>127.5</ele></trkpt>
      <trkpt lat="55.755200" lon="13.667640"><ele>127.6</ele></trkpt>
      <trkpt lat="55.755040" lon="13.667370"><ele>127.9</ele></trkpt>
      <trkpt lat="55.754940" lon="13.667210"><ele>128.1</ele></trkpt>
      <trkpt lat="55.754920" lon="13.667180"><ele>128.1</ele></trkpt>
      <trkpt lat="55.754900" lon="13.667160"><ele>128.2</ele></trkpt>
      <trkpt lat="55.754810" lon="13.666990"><ele>128.4</ele></trkpt>
      <trkpt lat="55.754790" lon="13.666960"><ele>128.4</ele></trkpt>
      <trkpt lat="55.754770" lon="13.666930"><ele>128.5</ele></trkpt>
      <trkpt lat="55.754640" lon="13.666700"><ele>128.8</ele></trkpt>
      <trkpt lat="55.754490" lon="13.666420"><ele>129.1</ele></trkpt>
      <trkpt lat="55.754430" lon="13.666300"><ele>129.2</ele></trkpt>
      <trkpt lat="55.754420" lon="13.666260"><ele>129.2</ele></trkpt>
      <trkpt lat="55.754320" lon="13.666030"><ele>129.5</ele></trkpt>
      <trkpt lat="55.754270" lon="13.665840"><ele>129.6</ele></trkpt>
      <trkpt lat="55.754240" lon="13.665530"><ele>129.7</ele></trkpt>
      <trkpt lat="55.754240" lon="13.665430"><ele>129.7</ele></trkpt>
      <trkpt lat="55.754230" lon="13.665130"><ele>129.8</ele></trkpt>
      <trkpt lat="55.754230" lon="13.665120"><ele>129.8</ele></trkpt>
      <trkpt lat="55.754230" lon="13.665110"><ele>129.8</ele></trkpt>
      <trkpt lat="55.754230" lon="13.665070"><ele>129.8</ele></trkpt>
      <trkpt lat="55.754220" lon="13.664760"><ele>129.5</ele></trkpt>
      <trkpt lat="55.754190" lon="13.664500"><ele>129.3</ele></trkpt>
      <trkpt lat="55.754150" lon="13.664280"><ele>129.1</ele></trkpt>
      <trkpt lat="55.754120" lon="13.664140"><ele>128.9</ele></trkpt>
      <trkpt lat="55.754080" lon="13.664070"><ele>128.8</ele></trkpt>
      <trkpt lat="55.754040" lon="13.664000"><ele>128.7</ele></trkpt>
      <trkpt lat="55.753970" lon="13.663870"><ele>128.5</ele></trkpt>
      <trkpt lat="55.753790" lon="13.663630"><ele>128.2</ele></trkpt>
      <trkpt lat="55.753710" lon="13.663500"><ele>128.1</ele></trkpt>
      <trkpt lat="55.753670" lon="13.663440"><ele>128.1</ele></trkpt>
      <trkpt lat="55.753580" lon="13.663280"><ele>127.9</ele></trkpt>
      <trkpt lat="55.753520" lon="13.663170"><ele>127.8</ele></trkpt>
      <trkpt lat="55.753460" lon="13.663060"><ele>127.6</ele></trkpt>
      <trkpt lat="55.753410" lon="13.662970"><ele>127.5</ele></trkpt>
      <trkpt lat="55.753260" lon="13.662640"><ele>127.3</ele></trkpt>
      <trkpt lat="55.753070" lon="13.662230"><ele>127.1</ele></trkpt>
      <trkpt lat="55.752960" lon="13.661990"><ele>127.1</ele></trkpt>
      <trkpt lat="55.752690" lon="13.661440"><ele>127.1</ele></trkpt>
      <trkpt lat="55.752650" lon="13.661350"><ele>126.9</ele></trkpt>
      <trkpt lat="55.752420" lon="13.660850"><ele>126.5</ele></trkpt>
      <trkpt lat="55.752410" lon="13.660830"><ele>126.5</ele></trkpt>
      <trkpt lat="55.752300" lon="13.660620"><ele>127.0</ele></trkpt>
      <trkpt lat="55.752230" lon="13.660490"><ele>127.3</ele></trkpt>
      <trkpt lat="55.752100" lon="13.660270"><ele>128.0</ele></trkpt>
      <trkpt lat="55.751930" lon="13.660040"><ele>129.1</ele></trkpt>
      <trkpt lat="55.751890" lon="13.659990"><ele>129.4</ele></trkpt>
      <trkpt lat="55.751820" lon="13.659910"><ele>129.6</ele></trkpt>
      <trkpt lat="55.751760" lon="13.659800"><ele>129.7</ele></trkpt>
      <trkpt lat="55.751750" lon="13.659790"><ele>129.7</ele></trkpt>
      <trkpt lat="55.751640" lon="13.659570"><ele>129.5</ele></trkpt>
      <trkpt lat="55.751490" lon="13.659270"><ele>129.0</ele></trkpt>
      <trkpt lat="55.751400" lon="13.659070"><ele>128.8</ele></trkpt>
      <trkpt lat="55.751360" lon="13.659000"><ele>128.8</ele></trkpt>
      <trkpt lat="55.751270" lon="13.658840"><ele>128.8</ele></trkpt>
      <trkpt lat="55.751240" lon="13.658780"><ele>128.8</ele></trkpt>
      <trkpt lat="55.751110" lon="13.658580"><ele>129.1</ele></trkpt>
      <trkpt lat="55.750990" lon="13.658430"><ele>129.4</ele></trkpt>
      <trkpt lat="55.750970" lon="13.658390"><ele>129.4</ele></trkpt>
      <trkpt lat="55.750870" lon="13.658230"><ele>129.7</ele></trkpt>
      <trkpt lat="55.750810" lon="13.658100"><ele>129.7</ele></trkpt>
      <trkpt lat="55.750750" lon="13.657910"><ele>129.6</ele></trkpt>
      <trkpt lat="55.750680" lon="13.657700"><ele>129.4</ele></trkpt>
      <trkpt lat="55.750620" lon="13.657530"><ele>129.3</ele></trkpt>
      <trkpt lat="55.750510" lon="13.657310"><ele>129.2</ele></trkpt>
      <trkpt lat="55.750320" lon="13.656960"><ele>129.0</ele></trkpt>
      <trkpt lat="55.750180" lon="13.656650"><ele>128.8</ele></trkpt>
      <trkpt lat="55.750060" lon="13.656390"><ele>128.6</ele></trkpt>
      <trkpt lat="55.749920" lon="13.656050"><ele>127.9</ele></trkpt>
      <trkpt lat="55.749840" lon="13.655800"><ele>127.4</ele></trkpt>
      <trkpt lat="55.749830" lon="13.655750"><ele>127.3</ele></trkpt>
      <trkpt lat="55.749790" lon="13.655530"><ele>127.0</ele></trkpt>
      <trkpt lat="55.749760" lon="13.655340"><ele>126.7</ele></trkpt>
      <trkpt lat="55.749750" lon="13.655260"><ele>126.6</ele></trkpt>
      <trkpt lat="55.749660" lon="13.654550"><ele>125.9</ele></trkpt>
      <trkpt lat="55.749560" lon="13.653850"><ele>125.5</ele></trkpt>
      <trkpt lat="55.749450" lon="13.653030"><ele>125.0</ele></trkpt>
      <trkpt lat="55.749400" lon="13.652650"><ele>124.5</ele></trkpt>
      <trkpt lat="55.749350" lon="13.652360"><ele>124.2</ele></trkpt>
      <trkpt lat="55.749320" lon="13.651840"><ele>124.0</ele></trkpt>
      <trkpt lat="55.749300" lon="13.651450"><ele>123.7</ele></trkpt>
      <trkpt lat="55.749270" lon="13.651140"><ele>123.3</ele></trkpt>
      <trkpt lat="55.749210" lon="13.650830"><ele>122.9</ele></trkpt>
      <trkpt lat="55.749150" lon="13.650490"><ele>123.0</ele></trkpt>
      <trkpt lat="55.749090" lon="13.650220"><ele>123.1</ele></trkpt>
      <trkpt lat="55.749060" lon="13.650090"><ele>123.1</ele></trkpt>
      <trkpt lat="55.749020" lon="13.649730"><ele>122.9</ele></trkpt>
      <trkpt lat="55.749000" lon="13.649450"><ele>122.5</ele></trkpt>
      <trkpt lat="55.749040" lon="13.648670"><ele>121.6</ele></trkpt>
      <trkpt lat="55.749090" lon="13.647630"><ele>120.4</ele></trkpt>
      <trkpt lat="55.749120" lon="13.647350"><ele>120.2</ele></trkpt>
      <trkpt lat="55.749180" lon="13.647030"><ele>120.0</ele></trkpt>
      <trkpt lat="55.749250" lon="13.646760"><ele>120.0</ele></trkpt>
      <trkpt lat="55.749350" lon="13.646510"><ele>120.1</ele></trkpt>
      <trkpt lat="55.749450" lon="13.646290"><ele>120.1</ele></trkpt>
      <trkpt lat="55.749500" lon="13.646110"><ele>120.1</ele></trkpt>
      <trkpt lat="55.749550" lon="13.645830"><ele>120.1</ele></trkpt>
      <trkpt lat="55.749570" lon="13.645630"><ele>120.0</ele></trkpt>
      <trkpt lat="55.749590" lon="13.645410"><ele>120.0</ele></trkpt>
      <trkpt lat="55.749600" lon="13.645320"><ele>120.0</ele></trkpt>
      <trkpt lat="55.749670" lon="13.644580"><ele>119.9</ele></trkpt>
      <trkpt lat="55.749720" lon="13.644220"><ele>120.0</ele></trkpt>
      <trkpt lat="55.749720" lon="13.644210"><ele>120.0</ele></trkpt>
      <trkpt lat="55.749750" lon="13.644080"><ele>120.0</ele></trkpt>
      <trkpt lat="55.749780" lon="13.643950"><ele>120.0</ele></trkpt>
      <trkpt lat="55.749880" lon="13.643690"><ele>120.0</ele></trkpt>
      <trkpt lat="55.749960" lon="13.643510"><ele>120.0</ele></trkpt>
      <trkpt lat="55.750010" lon="13.643400"><ele>120.0</ele></trkpt>
      <trkpt lat="55.750080" lon="13.643240"><ele>120.3</ele></trkpt>
      <trkpt lat="55.750150" lon="13.643020"><ele>120.7</ele></trkpt>
      <trkpt lat="55.750220" lon="13.642740"><ele>121.2</ele></trkpt>
      <trkpt lat="55.750250" lon="13.642560"><ele>121.5</ele></trkpt>
      <trkpt lat="55.750260" lon="13.642460"><ele>121.7</ele></trkpt>
      <trkpt lat="55.750280" lon="13.642180"><ele>121.9</ele></trkpt>
      <trkpt lat="55.750270" lon="13.641920"><ele>122.1</ele></trkpt>
      <trkpt lat="55.750260" lon="13.641740"><ele>122.3</ele></trkpt>
      <trkpt lat="55.750250" lon="13.641620"><ele>122.3</ele></trkpt>
      <trkpt lat="55.750250" lon="13.641600"><ele>122.3</ele></trkpt>
      <trkpt lat="55.750230" lon="13.641300"><ele>122.3</ele></trkpt>
      <trkpt lat="55.750180" lon="13.640740"><ele>122.2</ele></trkpt>
      <trkpt lat="55.750140" lon="13.640020"><ele>122.2</ele></trkpt>
      <trkpt lat="55.750120" lon="13.639710"><ele>122.1</ele></trkpt>
      <trkpt lat="55.750110" lon="13.639220"><ele>122.1</ele></trkpt>
      <trkpt lat="55.750080" lon="13.638570"><ele>122.1</ele></trkpt>
      <trkpt lat="55.750060" lon="13.638200"><ele>121.9</ele></trkpt>
      <trkpt lat="55.750060" lon="13.638120"><ele>121.8</ele></trkpt>
      <trkpt lat="55.750020" lon="13.637470"><ele>121.0</ele></trkpt>
      <trkpt lat="55.750000" lon="13.637160"><ele>121.0</ele></trkpt>
      <trkpt lat="55.749990" lon="13.636910"><ele>121.0</ele></trkpt>
      <trkpt lat="55.750000" lon="13.636630"><ele>121.0</ele></trkpt>
      <trkpt lat="55.750020" lon="13.636410"><ele>121.3</ele></trkpt>
      <trkpt lat="55.750090" lon="13.636130"><ele>121.6</ele></trkpt>
      <trkpt lat="55.750160" lon="13.636010"><ele>121.8</ele></trkpt>
      <trkpt lat="55.750230" lon="13.635820"><ele>122.0</ele></trkpt>
      <trkpt lat="55.750280" lon="13.635590"><ele>122.0</ele></trkpt>
      <trkpt lat="55.750310" lon="13.635340"><ele>122.0</ele></trkpt>
      <trkpt lat="55.750320" lon="13.635030"><ele>122.0</ele></trkpt>
      <trkpt lat="55.750320" lon="13.634960"><ele>122.0</ele></trkpt>
      <trkpt lat="55.750330" lon="13.634290"><ele>121.5</ele></trkpt>
      <trkpt lat="55.750330" lon="13.633290"><ele>121.4</ele></trkpt>
      <trkpt lat="55.750310" lon="13.632990"><ele>121.2</ele></trkpt>
      <trkpt lat="55.750270" lon="13.632580"><ele>121.0</ele></trkpt>
      <trkpt lat="55.750240" lon="13.632440"><ele>121.0</ele></trkpt>
      <trkpt lat="55.750200" lon="13.632090"><ele>121.0</ele></trkpt>
      <trkpt lat="55.750170" lon="13.631860"><ele>121.0</ele></trkpt>
      <trkpt lat="55.750130" lon="13.631500"><ele>121.2</ele></trkpt>
      <trkpt lat="55.750130" lon="13.631490"><ele>121.2</ele></trkpt>
      <trkpt lat="55.750100" lon="13.631190"><ele>121.6</ele></trkpt>
      <trkpt lat="55.750080" lon="13.631090"><ele>121.7</ele></trkpt>
      <trkpt lat="55.750040" lon="13.630740"><ele>122.1</ele></trkpt>
      <trkpt lat="55.750000" lon="13.630370"><ele>122.6</ele></trkpt>
      <trkpt lat="55.749960" lon="13.630080"><ele>122.8</ele></trkpt>
      <trkpt lat="55.749930" lon="13.629590"><ele>123.3</ele></trkpt>
      <trkpt lat="55.749910" lon="13.629120"><ele>123.8</ele></trkpt>
      <trkpt lat="55.749900" lon="13.628960"><ele>123.8</ele></trkpt>
      <trkpt lat="55.749890" lon="13.628800"><ele>123.7</ele></trkpt>
      <trkpt lat="55.749860" lon="13.628240"><ele>123.6</ele></trkpt>
      <trkpt lat="55.749840" lon="13.627860"><ele>123.0</ele></trkpt>
      <trkpt lat="55.749840" lon="13.627660"><ele>122.8</ele></trkpt>
      <trkpt lat="55.749860" lon="13.627360"><ele>122.7</ele></trkpt>
      <trkpt lat="55.749900" lon="13.627140"><ele>122.8</ele></trkpt>
      <trkpt lat="55.749950" lon="13.626930"><ele>122.9</ele></trkpt>
      <trkpt lat="55.749980" lon="13.626780"><ele>123.0</ele></trkpt>
      <trkpt lat="55.750040" lon="13.626510"><ele>123.1</ele></trkpt>
      <trkpt lat="55.750100" lon="13.626260"><ele>123.4</ele></trkpt>
      <trkpt lat="55.750130" lon="13.626030"><ele>123.6</ele></trkpt>
      <trkpt lat="55.750140" lon="13.625980"><ele>123.7</ele></trkpt>
      <trkpt lat="55.750170" lon="13.625710"><ele>123.8</ele></trkpt>
      <trkpt lat="55.750180" lon="13.625670"><ele>123.8</ele></trkpt>
      <trkpt lat="55.750210" lon="13.625400"><ele>123.9</ele></trkpt>
      <trkpt lat="55.750210" lon="13.625340"><ele>123.9</ele></trkpt>
      <trkpt lat="55.750240" lon="13.624890"><ele>124.1</ele></trkpt>
      <trkpt lat="55.750250" lon="13.624770"><ele>124.2</ele></trkpt>
      <trkpt lat="55.750250" lon="13.624590"><ele>124.3</ele></trkpt>
      <trkpt lat="55.750260" lon="13.624480"><ele>124.4</ele></trkpt>
      <trkpt lat="55.750260" lon="13.624450"><ele>124.5</ele></trkpt>
      <trkpt lat="55.750270" lon="13.624130"><ele>124.7</ele></trkpt>
      <trkpt lat="55.750270" lon="13.624100"><ele>124.7</ele></trkpt>
      <trkpt lat="55.750270" lon="13.623750"><ele>124.7</ele></trkpt>
      <trkpt lat="55.750240" lon="13.623490"><ele>124.7</ele></trkpt>
      <trkpt lat="55.750230" lon="13.623420"><ele>124.7</ele></trkpt>
      <trkpt lat="55.750150" lon="13.623010"><ele>124.5</ele></trkpt>
      <trkpt lat="55.749990" lon="13.622290"><ele>124.0</ele></trkpt>
      <trkpt lat="55.749970" lon="13.622180"><ele>124.0</ele></trkpt>
      <trkpt lat="55.749930" lon="13.622000"><ele>123.9</ele></trkpt>
      <trkpt lat="55.749860" lon="13.621700"><ele>123.8</ele></trkpt>
      <trkpt lat="55.749760" lon="13.621320"><ele>123.8</ele></trkpt>
      <trkpt lat="55.749690" lon="13.621140"><ele>123.9</ele></trkpt>
      <trkpt lat="55.749620" lon="13.620910"><ele>124.0</ele></trkpt>
      <trkpt lat="55.749470" lon="13.620500"><ele>124.0</ele></trkpt>
      <trkpt lat="55.749360" lon="13.620230"><ele>124.0</ele></trkpt>
      <trkpt lat="55.749200" lon="13.619800"><ele>123.8</ele></trkpt>
      <trkpt lat="55.749050" lon="13.619330"><ele>122.9</ele></trkpt>
      <trkpt lat="55.748950" lon="13.618990"><ele>122.5</ele></trkpt>
      <trkpt lat="55.748860" lon="13.618630"><ele>122.3</ele></trkpt>
      <trkpt lat="55.748780" lon="13.618170"><ele>122.1</ele></trkpt>
      <trkpt lat="55.748740" lon="13.617960"><ele>122.0</ele></trkpt>
      <trkpt lat="55.748680" lon="13.617650"><ele>121.7</ele></trkpt>
      <trkpt lat="55.748640" lon="13.617470"><ele>121.5</ele></trkpt>
      <trkpt lat="55.748570" lon="13.617080"><ele>121.1</ele></trkpt>
      <trkpt lat="55.748470" lon="13.616510"><ele>120.8</ele></trkpt>
      <trkpt lat="55.748270" lon="13.615380"><ele>121.4</ele></trkpt>
      <trkpt lat="55.748250" lon="13.615250"><ele>121.4</ele></trkpt>
      <trkpt lat="55.748140" lon="13.614640"><ele>121.7</ele></trkpt>
      <trkpt lat="55.748130" lon="13.614630"><ele>121.7</ele></trkpt>
      <trkpt lat="55.748100" lon="13.614440"><ele>121.8</ele></trkpt>
      <trkpt lat="55.748050" lon="13.614230"><ele>121.9</ele></trkpt>
      <trkpt lat="55.747980" lon="13.614040"><ele>121.7</ele></trkpt>
      <trkpt lat="55.747880" lon="13.613810"><ele>121.4</ele></trkpt>
      <trkpt lat="55.747770" lon="13.613590"><ele>121.0</ele></trkpt>
      <trkpt lat="55.747760" lon="13.613560"><ele>120.9</ele></trkpt>
      <trkpt lat="55.747650" lon="13.613320"><ele>120.5</ele></trkpt>
      <trkpt lat="55.747540" lon="13.613100"><ele>120.1</ele></trkpt>
      <trkpt lat="55.747530" lon="13.613080"><ele>120.1</ele></trkpt>
      <trkpt lat="55.747290" lon="13.612590"><ele>119.2</ele></trkpt>
      <trkpt lat="55.747100" lon="13.612210"><ele>118.6</ele></trkpt>
      <trkpt lat="55.747060" lon="13.612110"><ele>118.4</ele></trkpt>
      <trkpt lat="55.746970" lon="13.611960"><ele>118.1</ele></trkpt>
      <trkpt lat="55.746820" lon="13.611630"><ele>117.5</ele></trkpt>
      <trkpt lat="55.746700" lon="13.611390"><ele>116.8</ele></trkpt>
      <trkpt lat="55.746650" lon="13.611280"><ele>116.5</ele></trkpt>
      <trkpt lat="55.746590" lon="13.611140"><ele>116.3</ele></trkpt>
      <trkpt lat="55.746370" lon="13.610690"><ele>115.6</ele></trkpt>
      <trkpt lat="55.746150" lon="13.610250"><ele>114.9</ele></trkpt>
      <trkpt lat="55.746120" lon="13.610180"><ele>114.8</ele></trkpt>
      <trkpt lat="55.745770" lon="13.609460"><ele>114.0</ele></trkpt>
      <trkpt lat="55.745530" lon="13.608970"><ele>114.0</ele></trkpt>
      <trkpt lat="55.745450" lon="13.608810"><ele>114.0</ele></trkpt>
      <trkpt lat="55.745280" lon="13.608470"><ele>114.0</ele></trkpt>
      <trkpt lat="55.745240" lon="13.608370"><ele>114.0</ele></trkpt>
      <trkpt lat="55.745200" lon="13.608240"><ele>114.0</ele></trkpt>
      <trkpt lat="55.745170" lon="13.608120"><ele>114.0</ele></trkpt>
      <trkpt lat="55.745140" lon="13.607990"><ele>114.0</ele></trkpt>
      <trkpt lat="55.744960" lon="13.607140"><ele>114.0</ele></trkpt>
      <trkpt lat="55.744870" lon="13.606730"><ele>114.2</ele></trkpt>
      <trkpt lat="55.744830" lon="13.606520"><ele>114.2</ele></trkpt>
      <trkpt lat="55.744810" lon="13.606430"><ele>114.2</ele></trkpt>
      <trkpt lat="55.744680" lon="13.605830"><ele>114.0</ele></trkpt>
      <trkpt lat="55.744630" lon="13.605570"><ele>113.9</ele></trkpt>
      <trkpt lat="55.744620" lon="13.605530"><ele>113.8</ele></trkpt>
      <trkpt lat="55.744400" lon="13.604480"><ele>112.8</ele></trkpt>
      <trkpt lat="55.744250" lon="13.603770"><ele>112.2</ele></trkpt>
      <trkpt lat="55.744080" lon="13.603000"><ele>112.3</ele></trkpt>
      <trkpt lat="55.743800" lon="13.601690"><ele>112.9</ele></trkpt>
      <trkpt lat="55.743790" lon="13.601680"><ele>112.9</ele></trkpt>
      <trkpt lat="55.743780" lon="13.601620"><ele>113.0</ele></trkpt>
      <trkpt lat="55.743730" lon="13.601380"><ele>113.2</ele></trkpt>
      <trkpt lat="55.743580" lon="13.600670"><ele>113.7</ele></trkpt>
      <trkpt lat="55.743350" lon="13.599580"><ele>113.5</ele></trkpt>
      <trkpt lat="55.743290" lon="13.599300"><ele>113.3</ele></trkpt>
      <trkpt lat="55.743280" lon="13.599280"><ele>113.3</ele></trkpt>
      <trkpt lat="55.743220" lon="13.598980"><ele>113.4</ele></trkpt>
      <trkpt lat="55.743220" lon="13.598970"><ele>113.4</ele></trkpt>
      <trkpt lat="55.743000" lon="13.597880"><ele>113.7</ele></trkpt>
      <trkpt lat="55.742970" lon="13.597770"><ele>113.8</ele></trkpt>
      <trkpt lat="55.742850" lon="13.597200"><ele>114.3</ele></trkpt>
      <trkpt lat="55.742840" lon="13.597180"><ele>114.4</ele></trkpt>
      <trkpt lat="55.742750" lon="13.596930"><ele>114.8</ele></trkpt>
      <trkpt lat="55.742740" lon="13.596910"><ele>114.8</ele></trkpt>
      <trkpt lat="55.742660" lon="13.596830"><ele>115.2</ele></trkpt>
      <trkpt lat="55.742590" lon="13.596820"><ele>115.6</ele></trkpt>
      <trkpt lat="55.742570" lon="13.596820"><ele>115.7</ele></trkpt>
      <trkpt lat="55.742230" lon="13.596820"><ele>116.9</ele></trkpt>
      <trkpt lat="55.742210" lon="13.596820"><ele>117.0</ele></trkpt>
      <trkpt lat="55.741850" lon="13.596830"><ele>118.2</ele></trkpt>
      <trkpt lat="55.741690" lon="13.596830"><ele>118.7</ele></trkpt>
      <trkpt lat="55.741670" lon="13.596830"><ele>118.8</ele></trkpt>
      <trkpt lat="55.741490" lon="13.596830"><ele>118.8</ele></trkpt>
      <trkpt lat="55.741310" lon="13.596830"><ele>118.9</ele></trkpt>
      <trkpt lat="55.741150" lon="13.596840"><ele>118.9</ele></trkpt>
      <trkpt lat="55.741130" lon="13.596840"><ele>118.9</ele></trkpt>
      <trkpt lat="55.741090" lon="13.596840"><ele>118.9</ele></trkpt>
      <trkpt lat="55.740770" lon="13.596850"><ele>118.6</ele></trkpt>
      <trkpt lat="55.740610" lon="13.596850"><ele>117.6</ele></trkpt>
      <trkpt lat="55.740590" lon="13.596850"><ele>117.5</ele></trkpt>
      <trkpt lat="55.740280" lon="13.596870"><ele>115.5</ele></trkpt>
      <trkpt lat="55.740120" lon="13.596840"><ele>114.5</ele></trkpt>
      <trkpt lat="55.740120" lon="13.596840"><ele>114.5</ele></trkpt>
      <trkpt lat="55.740090" lon="13.596650"><ele>114.5</ele></trkpt>
      <trkpt lat="55.740070" lon="13.596340"><ele>114.0</ele></trkpt>
      <trkpt lat="55.740070" lon="13.596210"><ele>113.8</ele></trkpt>
      <trkpt lat="55.740050" lon="13.595260"><ele>113.2</ele></trkpt>
      <trkpt lat="55.740050" lon="13.595250"><ele>113.2</ele></trkpt>
      <trkpt lat="55.740050" lon="13.595060"><ele>113.2</ele></trkpt>
      <trkpt lat="55.740040" lon="13.594930"><ele>113.1</ele></trkpt>
      <trkpt lat="55.740030" lon="13.594290"><ele>113.1</ele></trkpt>
      <trkpt lat="55.740020" lon="13.593970"><ele>113.0</ele></trkpt>
      <trkpt lat="55.740010" lon="13.593690"><ele>113.0</ele></trkpt>
      <trkpt lat="55.740010" lon="13.593340"><ele>113.0</ele></trkpt>
      <trkpt lat="55.740010" lon="13.593330"><ele>113.0</ele></trkpt>
      <trkpt lat="55.739990" lon="13.592690"><ele>113.0</ele></trkpt>
      <trkpt lat="55.739970" lon="13.591800"><ele>112.9</ele></trkpt>
      <trkpt lat="55.739960" lon="13.591410"><ele>112.6</ele></trkpt>
      <trkpt lat="55.739940" lon="13.590770"><ele>111.9</ele></trkpt>
      <trkpt lat="55.739930" lon="13.590450"><ele>111.9</ele></trkpt>
      <trkpt lat="55.739920" lon="13.590270"><ele>111.9</ele></trkpt>
      <trkpt lat="55.739910" lon="13.589940"><ele>112.0</ele></trkpt>
      <trkpt lat="55.739850" lon="13.589500"><ele>112.4</ele></trkpt>
      <trkpt lat="55.739750" lon="13.588580"><ele>113.4</ele></trkpt>
      <trkpt lat="55.739670" lon="13.587760"><ele>113.5</ele></trkpt>
      <trkpt lat="55.739670" lon="13.587740"><ele>113.5</ele></trkpt>
      <trkpt lat="55.739650" lon="13.587540"><ele>113.4</ele></trkpt>
      <trkpt lat="55.739640" lon="13.587440"><ele>113.5</ele></trkpt>
      <trkpt lat="55.739600" lon="13.587130"><ele>113.7</ele></trkpt>
      <trkpt lat="55.739510" lon="13.586190"><ele>114.2</ele></trkpt>
      <trkpt lat="55.739490" lon="13.585970"><ele>114.2</ele></trkpt>
      <trkpt lat="55.739390" lon="13.585100"><ele>114.5</ele></trkpt>
      <trkpt lat="55.739380" lon="13.584940"><ele>114.6</ele></trkpt>
      <trkpt lat="55.739370" lon="13.584920"><ele>114.6</ele></trkpt>
      <trkpt lat="55.739340" lon="13.584630"><ele>115.0</ele></trkpt>
      <trkpt lat="55.739340" lon="13.584600"><ele>115.1</ele></trkpt>
      <trkpt lat="55.739310" lon="13.584320"><ele>115.5</ele></trkpt>
      <trkpt lat="55.739260" lon="13.583760"><ele>115.8</ele></trkpt>
      <trkpt lat="55.739190" lon="13.583070"><ele>115.7</ele></trkpt>
      <trkpt lat="55.739180" lon="13.583030"><ele>115.6</ele></trkpt>
      <trkpt lat="55.739150" lon="13.582760"><ele>115.3</ele></trkpt>
      <trkpt lat="55.739090" lon="13.582180"><ele>114.9</ele></trkpt>
      <trkpt lat="55.739060" lon="13.581820"><ele>114.9</ele></trkpt>
      <trkpt lat="55.738990" lon="13.581190"><ele>115.4</ele></trkpt>
      <trkpt lat="55.738990" lon="13.581180"><ele>115.4</ele></trkpt>
      <trkpt lat="55.738960" lon="13.580880"><ele>115.7</ele></trkpt>
      <trkpt lat="55.738950" lon="13.580740"><ele>115.9</ele></trkpt>
      <trkpt lat="55.738940" lon="13.580460"><ele>116.2</ele></trkpt>
      <trkpt lat="55.738950" lon="13.580250"><ele>116.4</ele></trkpt>
      <trkpt lat="55.738960" lon="13.580190"><ele>116.5</ele></trkpt>
      <trkpt lat="55.738990" lon="13.579970"><ele>116.8</ele></trkpt>
      <trkpt lat="55.739000" lon="13.579950"><ele>116.8</ele></trkpt>
      <trkpt lat="55.739010" lon="13.579890"><ele>116.8</ele></trkpt>
      <trkpt lat="55.739070" lon="13.579650"><ele>116.8</ele></trkpt>
      <trkpt lat="55.739100" lon="13.579490"><ele>116.9</ele></trkpt>
      <trkpt lat="55.739210" lon="13.579070"><ele>117.1</ele></trkpt>
      <trkpt lat="55.739230" lon="13.579010"><ele>117.1</ele></trkpt>
      <trkpt lat="55.739280" lon="13.578780"><ele>117.1</ele></trkpt>
      <trkpt lat="55.739290" lon="13.578750"><ele>117.1</ele></trkpt>
      <trkpt lat="55.739420" lon="13.578190"><ele>117.5</ele></trkpt>
      <trkpt lat="55.739430" lon="13.578160"><ele>117.5</ele></trkpt>
      <trkpt lat="55.739450" lon="13.577980"><ele>117.8</ele></trkpt>
      <trkpt lat="55.739460" lon="13.577880"><ele>117.9</ele></trkpt>
      <trkpt lat="55.739460" lon="13.577810"><ele>118.0</ele></trkpt>
      <trkpt lat="55.739470" lon="13.577710"><ele>118.1</ele></trkpt>
      <trkpt lat="55.739470" lon="13.577570"><ele>118.3</ele></trkpt>
      <trkpt lat="55.739470" lon="13.577360"><ele>118.4</ele></trkpt>
      <trkpt lat="55.739460" lon="13.577250"><ele>118.4</ele></trkpt>
      <trkpt lat="55.739440" lon="13.576930"><ele>118.3</ele></trkpt>
      <trkpt lat="55.739430" lon="13.576760"><ele>118.3</ele></trkpt>
      <trkpt lat="55.739410" lon="13.576280"><ele>117.5</ele></trkpt>
      <trkpt lat="55.739410" lon="13.576110"><ele>117.2</ele></trkpt>
      <trkpt lat="55.739390" lon="13.575730"><ele>116.4</ele></trkpt>
      <trkpt lat="55.739370" lon="13.575240"><ele>115.9</ele></trkpt>
      <trkpt lat="55.739370" lon="13.574790"><ele>115.9</ele></trkpt>
      <trkpt lat="55.739370" lon="13.574590"><ele>116.1</ele></trkpt>
      <trkpt lat="55.739380" lon="13.574520"><ele>116.2</ele></trkpt>
      <trkpt lat="55.739390" lon="13.574200"><ele>116.5</ele></trkpt>
      <trkpt lat="55.739390" lon="13.574150"><ele>116.6</ele></trkpt>
      <trkpt lat="55.739420" lon="13.573880"><ele>116.8</ele></trkpt>
      <trkpt lat="55.739450" lon="13.573570"><ele>117.2</ele></trkpt>
      <trkpt lat="55.739470" lon="13.573350"><ele>117.4</ele></trkpt>
      <trkpt lat="55.739500" lon="13.572940"><ele>117.6</ele></trkpt>
      <trkpt lat="55.739590" lon="13.571910"><ele>118.0</ele></trkpt>
      <trkpt lat="55.739650" lon="13.571190"><ele>118.1</ele></trkpt>
      <trkpt lat="55.739650" lon="13.571040"><ele>118.0</ele></trkpt>
      <trkpt lat="55.739650" lon="13.570970"><ele>118.0</ele></trkpt>
      <trkpt lat="55.739640" lon="13.570790"><ele>118.0</ele></trkpt>
      <trkpt lat="55.739610" lon="13.570570"><ele>118.0</ele></trkpt>
      <trkpt lat="55.739550" lon="13.570350"><ele>118.0</ele></trkpt>
      <trkpt lat="55.739500" lon="13.570150"><ele>118.0</ele></trkpt>
      <trkpt lat="55.739450" lon="13.569880"><ele>117.9</ele></trkpt>
      <trkpt lat="55.739430" lon="13.569750"><ele>117.7</ele></trkpt>
      <trkpt lat="55.739420" lon="13.569690"><ele>117.6</ele></trkpt>
      <trkpt lat="55.739390" lon="13.569430"><ele>117.3</ele></trkpt>
      <trkpt lat="55.739360" lon="13.569180"><ele>117.0</ele></trkpt>
      <trkpt lat="55.739360" lon="13.569120"><ele>117.0</ele></trkpt>
      <trkpt lat="55.739310" lon="13.568640"><ele>117.0</ele></trkpt>
      <trkpt lat="55.739300" lon="13.568490"><ele>117.0</ele></trkpt>
      <trkpt lat="55.739270" lon="13.568210"><ele>116.9</ele></trkpt>
      <trkpt lat="55.739270" lon="13.568170"><ele>116.8</ele></trkpt>
      <trkpt lat="55.739250" lon="13.567950"><ele>116.5</ele></trkpt>
      <trkpt lat="55.739240" lon="13.567680"><ele>116.2</ele></trkpt>
      <trkpt lat="55.739240" lon="13.567540"><ele>116.0</ele></trkpt>
      <trkpt lat="55.739230" lon="13.567400"><ele>115.9</ele></trkpt>
      <trkpt lat="55.739230" lon="13.567220"><ele>115.7</ele></trkpt>
      <trkpt lat="55.739230" lon="13.567200"><ele>115.6</ele></trkpt>
      <trkpt lat="55.739230" lon="13.566780"><ele>115.1</ele></trkpt>
      <trkpt lat="55.739240" lon="13.566260"><ele>115.4</ele></trkpt>
      <trkpt lat="55.739240" lon="13.565940"><ele>115.8</ele></trkpt>
      <trkpt lat="55.739240" lon="13.565670"><ele>116.1</ele></trkpt>
      <trkpt lat="55.739250" lon="13.564980"><ele>116.8</ele></trkpt>
      <trkpt lat="55.739250" lon="13.564890"><ele>116.9</ele></trkpt>
      <trkpt lat="55.739240" lon="13.564660"><ele>117.3</ele></trkpt>
      <trkpt lat="55.739230" lon="13.564400"><ele>117.6</ele></trkpt>
      <trkpt lat="55.739210" lon="13.564160"><ele>117.9</ele></trkpt>
      <trkpt lat="55.739160" lon="13.563960"><ele>118.0</ele></trkpt>
      <trkpt lat="55.739110" lon="13.563810"><ele>117.9</ele></trkpt>
      <trkpt lat="55.739090" lon="13.563760"><ele>117.9</ele></trkpt>
      <trkpt lat="55.738880" lon="13.563250"><ele>117.8</ele></trkpt>
      <trkpt lat="55.738850" lon="13.563180"><ele>117.8</ele></trkpt>
      <trkpt lat="55.738770" lon="13.562990"><ele>117.8</ele></trkpt>
      <trkpt lat="55.738380" lon="13.562070"><ele>116.3</ele></trkpt>
      <trkpt lat="55.738340" lon="13.561970"><ele>116.0</ele></trkpt>
      <trkpt lat="55.738230" lon="13.561710"><ele>116.0</ele></trkpt>
      <trkpt lat="55.738130" lon="13.561450"><ele>116.7</ele></trkpt>
      <trkpt lat="55.738020" lon="13.561200"><ele>117.3</ele></trkpt>
      <trkpt lat="55.737910" lon="13.560940"><ele>117.7</ele></trkpt>
      <trkpt lat="55.737810" lon="13.560680"><ele>117.9</ele></trkpt>
      <trkpt lat="55.737490" lon="13.559940"><ele>117.1</ele></trkpt>
      <trkpt lat="55.737390" lon="13.559660"><ele>117.4</ele></trkpt>
      <trkpt lat="55.737390" lon="13.559640"><ele>117.4</ele></trkpt>
      <trkpt lat="55.737310" lon="13.559410"><ele>117.7</ele></trkpt>
      <trkpt lat="55.737250" lon="13.559160"><ele>118.0</ele></trkpt>
      <trkpt lat="55.737230" lon="13.559070"><ele>118.1</ele></trkpt>
      <trkpt lat="55.737200" lon="13.558910"><ele>118.2</ele></trkpt>
      <trkpt lat="55.737170" lon="13.558770"><ele>118.3</ele></trkpt>
      <trkpt lat="55.737150" lon="13.558660"><ele>118.4</ele></trkpt>
      <trkpt lat="55.737120" lon="13.558460"><ele>118.5</ele></trkpt>
      <trkpt lat="55.737090" lon="13.558300"><ele>118.5</ele></trkpt>
      <trkpt lat="55.737030" lon="13.557920"><ele>117.9</ele></trkpt>
      <trkpt lat="55.737020" lon="13.557850"><ele>117.8</ele></trkpt>
      <trkpt lat="55.736980" lon="13.557720"><ele>117.6</ele></trkpt>
      <trkpt lat="55.736930" lon="13.557590"><ele>117.4</ele></trkpt>
      <trkpt lat="55.736870" lon="13.557490"><ele>117.2</ele></trkpt>
      <trkpt lat="55.736810" lon="13.557410"><ele>117.1</ele></trkpt>
      <trkpt lat="55.736740" lon="13.557360"><ele>116.9</ele></trkpt>
      <trkpt lat="55.736600" lon="13.557310"><ele>116.5</ele></trkpt>
      <trkpt lat="55.736280" lon="13.557220"><ele>115.3</ele></trkpt>
      <trkpt lat="55.736190" lon="13.557200"><ele>114.9</ele></trkpt>
      <trkpt lat="55.735850" lon="13.557110"><ele>113.6</ele></trkpt>
      <trkpt lat="55.735640" lon="13.557060"><ele>113.3</ele></trkpt>
      <trkpt lat="55.735610" lon="13.557060"><ele>113.3</ele></trkpt>
      <trkpt lat="55.735460" lon="13.557040"><ele>113.2</ele></trkpt>
      <trkpt lat="55.735350" lon="13.557030"><ele>113.1</ele></trkpt>
      <trkpt lat="55.735230" lon="13.557070"><ele>113.1</ele></trkpt>
      <trkpt lat="55.735000" lon="13.557150"><ele>113.2</ele></trkpt>
      <trkpt lat="55.734820" lon="13.557230"><ele>113.6</ele></trkpt>
      <trkpt lat="55.734650" lon="13.557300"><ele>113.9</ele></trkpt>
      <trkpt lat="55.734630" lon="13.557310"><ele>114.0</ele></trkpt>
      <trkpt lat="55.734270" lon="13.557440"><ele>114.7</ele></trkpt>
      <trkpt lat="55.734000" lon="13.557590"><ele>115.3</ele></trkpt>
      <trkpt lat="55.733850" lon="13.557660"><ele>115.6</ele></trkpt>
      <trkpt lat="55.733850" lon="13.557660"><ele>115.6</ele></trkpt>
      <trkpt lat="55.733780" lon="13.557510"><ele>115.0</ele></trkpt>
      <trkpt lat="55.733690" lon="13.557290"><ele>114.5</ele></trkpt>
      <trkpt lat="55.733420" lon="13.556630"><ele>113.0</ele></trkpt>
      <trkpt lat="55.733350" lon="13.556450"><ele>113.3</ele></trkpt>
      <trkpt lat="55.733320" lon="13.556370"><ele>113.3</ele></trkpt>
      <trkpt lat="55.733030" lon="13.555640"><ele>113.2</ele></trkpt>
      <trkpt lat="55.732900" lon="13.555330"><ele>112.6</ele></trkpt>
      <trkpt lat="55.732800" lon="13.555070"><ele>112.1</ele></trkpt>
      <trkpt lat="55.732690" lon="13.554810"><ele>111.8</ele></trkpt>
      <trkpt lat="55.732510" lon="13.554340"><ele>111.1</ele></trkpt>
      <trkpt lat="55.732280" lon="13.553760"><ele>110.2</ele></trkpt>
      <trkpt lat="55.732250" lon="13.553690"><ele>110.1</ele></trkpt>
      <trkpt lat="55.732020" lon="13.553080"><ele>109.4</ele></trkpt>
      <trkpt lat="55.731980" lon="13.552970"><ele>109.3</ele></trkpt>
      <trkpt lat="55.731870" lon="13.552660"><ele>108.9</ele></trkpt>
      <trkpt lat="55.731790" lon="13.552400"><ele>108.6</ele></trkpt>
      <trkpt lat="55.731720" lon="13.552110"><ele>108.3</ele></trkpt>
      <trkpt lat="55.731660" lon="13.551820"><ele>108.0</ele></trkpt>
      <trkpt lat="55.731610" lon="13.551510"><ele>108.0</ele></trkpt>
      <trkpt lat="55.731580" lon="13.551290"><ele>108.1</ele></trkpt>
      <trkpt lat="55.731530" lon="13.550870"><ele>108.5</ele></trkpt>
      <trkpt lat="55.731500" lon="13.550580"><ele>108.6</ele></trkpt>
      <trkpt lat="55.731460" lon="13.550270"><ele>108.8</ele></trkpt>
      <trkpt lat="55.731440" lon="13.550070"><ele>108.9</ele></trkpt>
      <trkpt lat="55.731430" lon="13.549960"><ele>108.8</ele></trkpt>
      <trkpt lat="55.731390" lon="13.549640"><ele>108.4</ele></trkpt>
      <trkpt lat="55.731360" lon="13.549330"><ele>108.1</ele></trkpt>
      <trkpt lat="55.731320" lon="13.548960"><ele>107.8</ele></trkpt>
      <trkpt lat="55.731260" lon="13.548460"><ele>107.5</ele></trkpt>
      <trkpt lat="55.731210" lon="13.548080"><ele>107.5</ele></trkpt>
      <trkpt lat="55.731200" lon="13.548050"><ele>107.5</ele></trkpt>
      <trkpt lat="55.731120" lon="13.547690"><ele>107.5</ele></trkpt>
      <trkpt lat="55.731060" lon="13.547500"><ele>107.5</ele></trkpt>
      <trkpt lat="55.730990" lon="13.547290"><ele>107.4</ele></trkpt>
      <trkpt lat="55.730860" lon="13.546890"><ele>107.1</ele></trkpt>
      <trkpt lat="55.730750" lon="13.546630"><ele>106.4</ele></trkpt>
      <trkpt lat="55.730650" lon="13.546260"><ele>105.4</ele></trkpt>
      <trkpt lat="55.730500" lon="13.545890"><ele>104.4</ele></trkpt>
      <trkpt lat="55.730440" lon="13.545740"><ele>104.2</ele></trkpt>
      <trkpt lat="55.730340" lon="13.545480"><ele>103.9</ele></trkpt>
      <trkpt lat="55.730320" lon="13.545430"><ele>103.8</ele></trkpt>
      <trkpt lat="55.730230" lon="13.545220"><ele>103.6</ele></trkpt>
      <trkpt lat="55.730200" lon="13.545140"><ele>103.6</ele></trkpt>
      <trkpt lat="55.730090" lon="13.544940"><ele>103.3</ele></trkpt>
      <trkpt lat="55.729950" lon="13.544690"><ele>102.4</ele></trkpt>
      <trkpt lat="55.729670" lon="13.544220"><ele>100.5</ele></trkpt>
      <trkpt lat="55.729500" lon="13.543930"><ele>99.3</ele></trkpt>
      <trkpt lat="55.729470" lon="13.543860"><ele>99.1</ele></trkpt>
      <trkpt lat="55.729420" lon="13.543760"><ele>98.7</ele></trkpt>
      <trkpt lat="55.729370" lon="13.543640"><ele>98.3</ele></trkpt>
      <trkpt lat="55.729360" lon="13.543620"><ele>98.3</ele></trkpt>
      <trkpt lat="55.729280" lon="13.543400"><ele>97.6</ele></trkpt>
      <trkpt lat="55.729260" lon="13.543350"><ele>97.5</ele></trkpt>
      <trkpt lat="55.729130" lon="13.542960"><ele>97.9</ele></trkpt>
      <trkpt lat="55.729070" lon="13.542800"><ele>98.2</ele></trkpt>
      <trkpt lat="55.728980" lon="13.542530"><ele>98.7</ele></trkpt>
      <trkpt lat="55.728950" lon="13.542450"><ele>98.8</ele></trkpt>
      <trkpt lat="55.728740" lon="13.541920"><ele>98.8</ele></trkpt>
      <trkpt lat="55.728310" lon="13.541020"><ele>99.5</ele></trkpt>
      <trkpt lat="55.728150" lon="13.540670"><ele>99.4</ele></trkpt>
      <trkpt lat="55.727970" lon="13.540280"><ele>98.8</ele></trkpt>
      <trkpt lat="55.727920" lon="13.540160"><ele>98.5</ele></trkpt>
      <trkpt lat="55.727850" lon="13.540050"><ele>98.1</ele></trkpt>
      <trkpt lat="55.727810" lon="13.539960"><ele>97.8</ele></trkpt>
      <trkpt lat="55.727650" lon="13.539720"><ele>96.8</ele></trkpt>
      <trkpt lat="55.727470" lon="13.539440"><ele>95.8</ele></trkpt>
      <trkpt lat="55.727290" lon="13.539240"><ele>94.7</ele></trkpt>
      <trkpt lat="55.727230" lon="13.539160"><ele>94.4</ele></trkpt>
      <trkpt lat="55.727010" lon="13.538900"><ele>93.2</ele></trkpt>
      <trkpt lat="55.726840" lon="13.538710"><ele>92.5</ele></trkpt>
      <trkpt lat="55.726780" lon="13.538640"><ele>92.2</ele></trkpt>
      <trkpt lat="55.726700" lon="13.538510"><ele>92.0</ele></trkpt>
      <trkpt lat="55.726620" lon="13.538340"><ele>91.6</ele></trkpt>
      <trkpt lat="55.726590" lon="13.538270"><ele>91.4</ele></trkpt>
      <trkpt lat="55.726530" lon="13.538130"><ele>90.9</ele></trkpt>
      <trkpt lat="55.726490" lon="13.538000"><ele>90.7</ele></trkpt>
      <trkpt lat="55.726400" lon="13.537740"><ele>90.2</ele></trkpt>
      <trkpt lat="55.726310" lon="13.537430"><ele>89.9</ele></trkpt>
      <trkpt lat="55.726280" lon="13.537320"><ele>89.9</ele></trkpt>
      <trkpt lat="55.726210" lon="13.537150"><ele>89.7</ele></trkpt>
      <trkpt lat="55.726180" lon="13.537100"><ele>89.6</ele></trkpt>
      <trkpt lat="55.726060" lon="13.536850"><ele>89.5</ele></trkpt>
      <trkpt lat="55.725950" lon="13.536650"><ele>89.4</ele></trkpt>
      <trkpt lat="55.725820" lon="13.536450"><ele>89.1</ele></trkpt>
      <trkpt lat="55.725670" lon="13.536250"><ele>88.0</ele></trkpt>
      <trkpt lat="55.725630" lon="13.536200"><ele>87.8</ele></trkpt>
      <trkpt lat="55.725530" lon="13.536060"><ele>87.2</ele></trkpt>
      <trkpt lat="55.725340" lon="13.535830"><ele>86.5</ele></trkpt>
      <trkpt lat="55.725090" lon="13.535510"><ele>85.7</ele></trkpt>
      <trkpt lat="55.724960" lon="13.535350"><ele>85.5</ele></trkpt>
      <trkpt lat="55.724940" lon="13.535320"><ele>85.4</ele></trkpt>
      <trkpt lat="55.724790" lon="13.535140"><ele>85.0</ele></trkpt>
      <trkpt lat="55.724650" lon="13.534950"><ele>84.5</ele></trkpt>
      <trkpt lat="55.724630" lon="13.534920"><ele>84.4</ele></trkpt>
      <trkpt lat="55.724500" lon="13.534770"><ele>83.7</ele></trkpt>
      <trkpt lat="55.724320" lon="13.534550"><ele>83.0</ele></trkpt>
      <trkpt lat="55.724190" lon="13.534380"><ele>82.6</ele></trkpt>
      <trkpt lat="55.724150" lon="13.534340"><ele>82.6</ele></trkpt>
      <trkpt lat="55.724080" lon="13.534240"><ele>82.7</ele></trkpt>
      <trkpt lat="55.724060" lon="13.534220"><ele>82.8</ele></trkpt>
      <trkpt lat="55.723940" lon="13.534060"><ele>82.8</ele></trkpt>
      <trkpt lat="55.723760" lon="13.533870"><ele>82.7</ele></trkpt>
      <trkpt lat="55.723540" lon="13.533660"><ele>82.4</ele></trkpt>
      <trkpt lat="55.723510" lon="13.533640"><ele>82.3</ele></trkpt>
      <trkpt lat="55.723360" lon="13.533490"><ele>82.1</ele></trkpt>
      <trkpt lat="55.723360" lon="13.533490"><ele>82.1</ele></trkpt>
      <trkpt lat="55.723310" lon="13.533470"><ele>81.9</ele></trkpt>
      <trkpt lat="55.723180" lon="13.533410"><ele>81.1</ele></trkpt>
      <trkpt lat="55.723010" lon="13.533350"><ele>80.1</ele></trkpt>
      <trkpt lat="55.722960" lon="13.533330"><ele>79.8</ele></trkpt>
      <trkpt lat="55.722830" lon="13.533280"><ele>78.8</ele></trkpt>
      <trkpt lat="55.722780" lon="13.533260"><ele>78.4</ele></trkpt>
      <trkpt lat="55.722480" lon="13.533150"><ele>76.2</ele></trkpt>
      <trkpt lat="55.722430" lon="13.533130"><ele>75.8</ele></trkpt>
      <trkpt lat="55.722300" lon="13.533090"><ele>74.8</ele></trkpt>
      <trkpt lat="55.722120" lon="13.533030"><ele>73.3</ele></trkpt>
      <trkpt lat="55.722070" lon="13.533000"><ele>72.9</ele></trkpt>
      <trkpt lat="55.721950" lon="13.532970"><ele>72.0</ele></trkpt>
      <trkpt lat="55.721830" lon="13.532940"><ele>71.1</ele></trkpt>
      <trkpt lat="55.721650" lon="13.532890"><ele>69.9</ele></trkpt>
      <trkpt lat="55.721300" lon="13.532750"><ele>68.6</ele></trkpt>
      <trkpt lat="55.720910" lon="13.532470"><ele>67.1</ele></trkpt>
      <trkpt lat="55.720680" lon="13.532260"><ele>66.0</ele></trkpt>
      <trkpt lat="55.720650" lon="13.532230"><ele>65.9</ele></trkpt>
      <trkpt lat="55.720640" lon="13.532230"><ele>65.8</ele></trkpt>
      <trkpt lat="55.720490" lon="13.532080"><ele>65.1</ele></trkpt>
      <trkpt lat="55.720180" lon="13.531800"><ele>63.7</ele></trkpt>
      <trkpt lat="55.720170" lon="13.531790"><ele>63.6</ele></trkpt>
      <trkpt lat="55.720020" lon="13.531630"><ele>63.0</ele></trkpt>
      <trkpt lat="55.720010" lon="13.531620"><ele>63.0</ele></trkpt>
      <trkpt lat="55.719920" lon="13.531530"><ele>62.0</ele></trkpt>
      <trkpt lat="55.719890" lon="13.531500"><ele>61.6</ele></trkpt>
      <trkpt lat="55.719850" lon="13.531440"><ele>61.2</ele></trkpt>
      <trkpt lat="55.719710" lon="13.531290"><ele>59.6</ele></trkpt>
      <trkpt lat="55.719710" lon="13.531280"><ele>59.6</ele></trkpt>
      <trkpt lat="55.719570" lon="13.531100"><ele>58.0</ele></trkpt>
      <trkpt lat="55.719560" lon="13.531090"><ele>57.9</ele></trkpt>
      <trkpt lat="55.719550" lon="13.531060"><ele>57.8</ele></trkpt>
      <trkpt lat="55.719370" lon="13.530770"><ele>55.9</ele></trkpt>
      <trkpt lat="55.719340" lon="13.530720"><ele>55.6</ele></trkpt>
      <trkpt lat="55.719310" lon="13.530670"><ele>55.3</ele></trkpt>
      <trkpt lat="55.719300" lon="13.530650"><ele>55.2</ele></trkpt>
      <trkpt lat="55.719190" lon="13.530460"><ele>54.2</ele></trkpt>
      <trkpt lat="55.719170" lon="13.530430"><ele>54.0</ele></trkpt>
      <trkpt lat="55.719000" lon="13.530150"><ele>52.3</ele></trkpt>
      <trkpt lat="55.718920" lon="13.530000"><ele>51.3</ele></trkpt>
      <trkpt lat="55.718910" lon="13.529990"><ele>51.2</ele></trkpt>
      <trkpt lat="55.718820" lon="13.529840"><ele>50.1</ele></trkpt>
      <trkpt lat="55.718630" lon="13.529530"><ele>48.0</ele></trkpt>
      <trkpt lat="55.718600" lon="13.529480"><ele>47.7</ele></trkpt>
      <trkpt lat="55.718550" lon="13.529420"><ele>47.2</ele></trkpt>
      <trkpt lat="55.718510" lon="13.529380"><ele>46.8</ele></trkpt>
      <trkpt lat="55.718500" lon="13.529370"><ele>46.6</ele></trkpt>
      <trkpt lat="55.718470" lon="13.529340"><ele>46.3</ele></trkpt>
      <trkpt lat="55.718420" lon="13.529310"><ele>45.9</ele></trkpt>
      <trkpt lat="55.718390" lon="13.529290"><ele>45.6</ele></trkpt>
      <trkpt lat="55.718370" lon="13.529290"><ele>45.4</ele></trkpt>
      <trkpt lat="55.718340" lon="13.529280"><ele>45.1</ele></trkpt>
      <trkpt lat="55.718330" lon="13.529270"><ele>45.0</ele></trkpt>
      <trkpt lat="55.718320" lon="13.529270"><ele>44.9</ele></trkpt>
      <trkpt lat="55.718270" lon="13.529260"><ele>44.3</ele></trkpt>
      <trkpt lat="55.718220" lon="13.529260"><ele>43.8</ele></trkpt>
      <trkpt lat="55.718210" lon="13.529260"><ele>43.7</ele></trkpt>
      <trkpt lat="55.718170" lon="13.529270"><ele>43.3</ele></trkpt>
      <trkpt lat="55.718160" lon="13.529270"><ele>43.2</ele></trkpt>
      <trkpt lat="55.718120" lon="13.529280"><ele>42.8</ele></trkpt>
      <trkpt lat="55.718070" lon="13.529300"><ele>42.3</ele></trkpt>
      <trkpt lat="55.718030" lon="13.529330"><ele>41.9</ele></trkpt>
      <trkpt lat="55.717960" lon="13.529390"><ele>41.2</ele></trkpt>
      <trkpt lat="55.717950" lon="13.529390"><ele>41.1</ele></trkpt>
      <trkpt lat="55.717830" lon="13.529500"><ele>40.0</ele></trkpt>
      <trkpt lat="55.717710" lon="13.529610"><ele>39.1</ele></trkpt>
      <trkpt lat="55.717600" lon="13.529730"><ele>38.3</ele></trkpt>
      <trkpt lat="55.717560" lon="13.529780"><ele>38.0</ele></trkpt>
      <trkpt lat="55.717520" lon="13.529830"><ele>37.8</ele></trkpt>
      <trkpt lat="55.717490" lon="13.529860"><ele>37.6</ele></trkpt>
      <trkpt lat="55.717410" lon="13.529970"><ele>37.3</ele></trkpt>
      <trkpt lat="55.717230" lon="13.530200"><ele>36.3</ele></trkpt>
      <trkpt lat="55.716720" lon="13.529640"><ele>31.5</ele></trkpt>
      <trkpt lat="55.716410" lon="13.529290"><ele>29.6</ele></trkpt>
      <trkpt lat="55.716100" lon="13.528950"><ele>28.4</ele></trkpt>
      <trkpt lat="55.716100" lon="13.528950"><ele>28.4</ele></trkpt>
      <trkpt lat="55.716370" lon="13.528160"><ele>28.1</ele></trkpt>
      <trkpt lat="55.716380" lon="13.528120"><ele>28.1</ele></trkpt>
      <trkpt lat="55.716800" lon="13.526840"><ele>28.8</ele></trkpt>
      <trkpt lat="55.717330" lon="13.525210"><ele>28.8</ele></trkpt>
      <trkpt lat="55.717470" lon="13.524780"><ele>28.4</ele></trkpt>
      <trkpt lat="55.717450" lon="13.524760"><ele>28.3</ele></trkpt>
      <trkpt lat="55.717510" lon="13.524590"><ele>28.1</ele></trkpt>
      <trkpt lat="55.717910" lon="13.523350"><ele>29.0</ele></trkpt>
      <trkpt lat="55.718320" lon="13.522110"><ele>29.5</ele></trkpt>
      <trkpt lat="55.718720" lon="13.520900"><ele>30.0</ele></trkpt>
      <trkpt lat="55.719110" lon="13.519690"><ele>29.9</ele></trkpt>
      <trkpt lat="55.719510" lon="13.518480"><ele>30.2</ele></trkpt>
      <trkpt lat="55.719910" lon="13.517280"><ele>31.1</ele></trkpt>
      <trkpt lat="55.720300" lon="13.516070"><ele>31.4</ele></trkpt>
      <trkpt lat="55.720710" lon="13.514820"><ele>31.7</ele></trkpt>
      <trkpt lat="55.721110" lon="13.513580"><ele>32.6</ele></trkpt>
      <trkpt lat="55.721520" lon="13.512330"><ele>33.6</ele></trkpt>
      <trkpt lat="55.721920" lon="13.511090"><ele>32.1</ele></trkpt>
      <trkpt lat="55.722340" lon="13.509840"><ele>30.9</ele></trkpt>
      <trkpt lat="55.722750" lon="13.508590"><ele>31.1</ele></trkpt>
      <trkpt lat="55.723110" lon="13.507470"><ele>31.3</ele></trkpt>
      <trkpt lat="55.723470" lon="13.506360"><ele>32.1</ele></trkpt>
      <trkpt lat="55.723800" lon="13.505380"><ele>34.7</ele></trkpt>
      <trkpt lat="55.724130" lon="13.504390"><ele>36.2</ele></trkpt>
      <trkpt lat="55.724520" lon="13.503140"><ele>37.5</ele></trkpt>
      <trkpt lat="55.724820" lon="13.502140"><ele>38.5</ele></trkpt>
      <trkpt lat="55.725130" lon="13.500970"><ele>38.0</ele></trkpt>
      <trkpt lat="55.725270" lon="13.500440"><ele>37.5</ele></trkpt>
      <trkpt lat="55.725500" lon="13.499430"><ele>35.6</ele></trkpt>
      <trkpt lat="55.725720" lon="13.498380"><ele>33.6</ele></trkpt>
      <trkpt lat="55.725950" lon="13.497090"><ele>31.5</ele></trkpt>
      <trkpt lat="55.726190" lon="13.495800"><ele>29.7</ele></trkpt>
      <trkpt lat="55.726420" lon="13.494510"><ele>28.8</ele></trkpt>
      <trkpt lat="55.726610" lon="13.493350"><ele>29.6</ele></trkpt>
      <trkpt lat="55.726860" lon="13.491980"><ele>31.2</ele></trkpt>
      <trkpt lat="55.727110" lon="13.490610"><ele>30.3</ele></trkpt>
      <trkpt lat="55.727360" lon="13.489240"><ele>30.1</ele></trkpt>
      <trkpt lat="55.727540" lon="13.488170"><ele>30.7</ele></trkpt>
      <trkpt lat="55.727720" lon="13.487090"><ele>29.1</ele></trkpt>
      <trkpt lat="55.727900" lon="13.486020"><ele>28.2</ele></trkpt>
      <trkpt lat="55.728140" lon="13.484750"><ele>28.8</ele></trkpt>
      <trkpt lat="55.728470" lon="13.483610"><ele>27.6</ele></trkpt>
      <trkpt lat="55.728760" lon="13.482700"><ele>25.9</ele></trkpt>
      <trkpt lat="55.729040" lon="13.481790"><ele>25.0</ele></trkpt>
      <trkpt lat="55.729380" lon="13.480840"><ele>23.8</ele></trkpt>
      <trkpt lat="55.729520" lon="13.480420"><ele>23.8</ele></trkpt>
      <trkpt lat="55.729640" lon="13.479950"><ele>23.7</ele></trkpt>
      <trkpt lat="55.729780" lon="13.479310"><ele>24.0</ele></trkpt>
      <trkpt lat="55.729980" lon="13.477870"><ele>24.9</ele></trkpt>
      <trkpt lat="55.730170" lon="13.476440"><ele>25.5</ele></trkpt>
      <trkpt lat="55.730310" lon="13.475510"><ele>25.3</ele></trkpt>
      <trkpt lat="55.730440" lon="13.474570"><ele>24.8</ele></trkpt>
      <trkpt lat="55.730610" lon="13.473350"><ele>23.5</ele></trkpt>
      <trkpt lat="55.730770" lon="13.472140"><ele>21.4</ele></trkpt>
      <trkpt lat="55.730910" lon="13.471200"><ele>20.7</ele></trkpt>
      <trkpt lat="55.731040" lon="13.470270"><ele>20.3</ele></trkpt>
      <trkpt lat="55.731220" lon="13.469180"><ele>19.5</ele></trkpt>
      <trkpt lat="55.730460" lon="13.468650"><ele>18.1</ele></trkpt>
      <trkpt lat="55.729700" lon="13.468110"><ele>18.3</ele></trkpt>
      <trkpt lat="55.729340" lon="13.467860"><ele>18.4</ele></trkpt>
      <trkpt lat="55.728700" lon="13.467410"><ele>18.6</ele></trkpt>
      <trkpt lat="55.728060" lon="13.466960"><ele>20.0</ele></trkpt>
      <trkpt lat="55.727420" lon="13.466510"><ele>21.3</ele></trkpt>
      <trkpt lat="55.726660" lon="13.466020"><ele>22.8</ele></trkpt>
      <trkpt lat="55.726210" lon="13.465800"><ele>21.9</ele></trkpt>
      <trkpt lat="55.725760" lon="13.465570"><ele>21.1</ele></trkpt>
      <trkpt lat="55.725560" lon="13.465480"><ele>21.6</ele></trkpt>
      <trkpt lat="55.725040" lon="13.465330"><ele>23.1</ele></trkpt>
      <trkpt lat="55.724160" lon="13.465150"><ele>21.8</ele></trkpt>
      <trkpt lat="55.723290" lon="13.464970"><ele>21.9</ele></trkpt>
      <trkpt lat="55.723150" lon="13.464920"><ele>21.6</ele></trkpt>
      <trkpt lat="55.722980" lon="13.464820"><ele>21.3</ele></trkpt>
      <trkpt lat="55.722700" lon="13.464630"><ele>20.6</ele></trkpt>
      <trkpt lat="55.722790" lon="13.464300"><ele>21.0</ele></trkpt>
      <trkpt lat="55.722960" lon="13.463540"><ele>21.7</ele></trkpt>
      <trkpt lat="55.723190" lon="13.462130"><ele>21.7</ele></trkpt>
      <trkpt lat="55.723420" lon="13.460720"><ele>21.0</ele></trkpt>
      <trkpt lat="55.723650" lon="13.459310"><ele>22.0</ele></trkpt>
      <trkpt lat="55.723880" lon="13.457900"><ele>21.5</ele></trkpt>
      <trkpt lat="55.724100" lon="13.456540"><ele>20.7</ele></trkpt>
      <trkpt lat="55.724320" lon="13.455180"><ele>19.4</ele></trkpt>
      <trkpt lat="55.724540" lon="13.453820"><ele>19.5</ele></trkpt>
      <trkpt lat="55.724760" lon="13.452450"><ele>20.1</ele></trkpt>
      <trkpt lat="55.724980" lon="13.451090"><ele>19.3</ele></trkpt>
      <trkpt lat="55.725200" lon="13.449730"><ele>19.1</ele></trkpt>
      <trkpt lat="55.725420" lon="13.448370"><ele>19.5</ele></trkpt>
      <trkpt lat="55.725640" lon="13.447010"><ele>19.0</ele></trkpt>
      <trkpt lat="55.725840" lon="13.445730"><ele>20.0</ele></trkpt>
      <trkpt lat="55.726050" lon="13.444460"><ele>19.4</ele></trkpt>
      <trkpt lat="55.726260" lon="13.443180"><ele>19.0</ele></trkpt>
      <trkpt lat="55.726500" lon="13.441650"><ele>19.0</ele></trkpt>
      <trkpt lat="55.726750" lon="13.440120"><ele>18.0</ele></trkpt>
      <trkpt lat="55.726990" lon="13.438590"><ele>19.0</ele></trkpt>
      <trkpt lat="55.727240" lon="13.437070"><ele>19.0</ele></trkpt>
      <trkpt lat="55.727480" lon="13.435540"><ele>19.0</ele></trkpt>
      <trkpt lat="55.727730" lon="13.434010"><ele>18.9</ele></trkpt>
      <trkpt lat="55.727970" lon="13.432480"><ele>17.9</ele></trkpt>
      <trkpt lat="55.728220" lon="13.430960"><ele>17.9</ele></trkpt>
      <trkpt lat="55.728460" lon="13.429430"><ele>18.9</ele></trkpt>
      <trkpt lat="55.728710" lon="13.427900"><ele>18.0</ele></trkpt>
      <trkpt lat="55.728950" lon="13.426370"><ele>17.6</ele></trkpt>
      <trkpt lat="55.729200" lon="13.424850"><ele>18.0</ele></trkpt>
      <trkpt lat="55.729440" lon="13.423320"><ele>18.0</ele></trkpt>
      <trkpt lat="55.729690" lon="13.421790"><ele>19.3</ele></trkpt>
      <trkpt lat="55.729930" lon="13.420260"><ele>18.0</ele></trkpt>
      <trkpt lat="55.730180" lon="13.418730"><ele>19.1</ele></trkpt>
      <trkpt lat="55.730430" lon="13.417210"><ele>19.5</ele></trkpt>
      <trkpt lat="55.730670" lon="13.415680"><ele>19.2</ele></trkpt>
      <trkpt lat="55.730920" lon="13.414150"><ele>19.1</ele></trkpt>
      <trkpt lat="55.731160" lon="13.412620"><ele>19.4</ele></trkpt>
      <trkpt lat="55.731410" lon="13.411100"><ele>19.5</ele></trkpt>
      <trkpt lat="55.731630" lon="13.409740"><ele>19.6</ele></trkpt>
      <trkpt lat="55.731840" lon="13.408380"><ele>19.2</ele></trkpt>
      <trkpt lat="55.732060" lon="13.407020"><ele>20.7</ele></trkpt>
      <trkpt lat="55.732280" lon="13.405660"><ele>23.1</ele></trkpt>
      <trkpt lat="55.732500" lon="13.404300"><ele>25.8</ele></trkpt>
      <trkpt lat="55.732720" lon="13.402940"><ele>25.3</ele></trkpt>
      <trkpt lat="55.732940" lon="13.401580"><ele>24.4</ele></trkpt>
      <trkpt lat="55.733160" lon="13.400230"><ele>23.4</ele></trkpt>
      <trkpt lat="55.733340" lon="13.399070"><ele>24.1</ele></trkpt>
      <trkpt lat="55.733530" lon="13.397910"><ele>24.4</ele></trkpt>
      <trkpt lat="55.733710" lon="13.396750"><ele>23.6</ele></trkpt>
      <trkpt lat="55.733900" lon="13.395590"><ele>23.6</ele></trkpt>
      <trkpt lat="55.733940" lon="13.395280"><ele>23.5</ele></trkpt>
      <trkpt lat="55.733980" lon="13.394870"><ele>23.6</ele></trkpt>
      <trkpt lat="55.734000" lon="13.394570"><ele>23.8</ele></trkpt>
      <trkpt lat="55.734010" lon="13.394180"><ele>24.2</ele></trkpt>
      <trkpt lat="55.734010" lon="13.393810"><ele>24.2</ele></trkpt>
      <trkpt lat="55.733990" lon="13.393400"><ele>24.2</ele></trkpt>
      <trkpt lat="55.733960" lon="13.392970"><ele>23.4</ele></trkpt>
      <trkpt lat="55.733910" lon="13.392580"><ele>22.5</ele></trkpt>
      <trkpt lat="55.733850" lon="13.392250"><ele>22.0</ele></trkpt>
      <trkpt lat="55.733790" lon="13.391940"><ele>21.5</ele></trkpt>
      <trkpt lat="55.733720" lon="13.391620"><ele>21.0</ele></trkpt>
      <trkpt lat="55.733580" lon="13.391080"><ele>20.7</ele></trkpt>
      <trkpt lat="55.733500" lon="13.390810"><ele>20.4</ele></trkpt>
      <trkpt lat="55.733340" lon="13.390400"><ele>20.4</ele></trkpt>
      <trkpt lat="55.733270" lon="13.390220"><ele>20.4</ele></trkpt>
      <trkpt lat="55.732830" lon="13.389150"><ele>20.6</ele></trkpt>
      <trkpt lat="55.732400" lon="13.388090"><ele>21.0</ele></trkpt>
      <trkpt lat="55.731960" lon="13.387020"><ele>20.0</ele></trkpt>
      <trkpt lat="55.731600" lon="13.386110"><ele>18.5</ele></trkpt>
      <trkpt lat="55.731240" lon="13.385200"><ele>18.6</ele></trkpt>
      <trkpt lat="55.730840" lon="13.384230"><ele>19.0</ele></trkpt>
      <trkpt lat="55.730450" lon="13.383260"><ele>19.0</ele></trkpt>
      <trkpt lat="55.730030" lon="13.382210"><ele>19.0</ele></trkpt>
      <trkpt lat="55.729610" lon="13.381170"><ele>18.8</ele></trkpt>
      <trkpt lat="55.729190" lon="13.380120"><ele>19.0</ele></trkpt>
      <trkpt lat="55.728770" lon="13.379070"><ele>18.0</ele></trkpt>
      <trkpt lat="55.728360" lon="13.378030"><ele>18.4</ele></trkpt>
      <trkpt lat="55.727870" lon="13.376840"><ele>19.0</ele></trkpt>
      <trkpt lat="55.727390" lon="13.375640"><ele>18.9</ele></trkpt>
      <trkpt lat="55.726910" lon="13.374450"><ele>18.8</ele></trkpt>
      <trkpt lat="55.726430" lon="13.373260"><ele>19.1</ele></trkpt>
      <trkpt lat="55.725950" lon="13.372070"><ele>20.4</ele></trkpt>
      <trkpt lat="55.725470" lon="13.370880"><ele>21.5</ele></trkpt>
      <trkpt lat="55.724990" lon="13.369680"><ele>21.4</ele></trkpt>
      <trkpt lat="55.724510" lon="13.368490"><ele>24.1</ele></trkpt>
      <trkpt lat="55.724030" lon="13.367300"><ele>26.1</ele></trkpt>
      <trkpt lat="55.723550" lon="13.366110"><ele>24.8</ele></trkpt>
      <trkpt lat="55.723070" lon="13.364920"><ele>22.9</ele></trkpt>
      <trkpt lat="55.722590" lon="13.363720"><ele>21.9</ele></trkpt>
      <trkpt lat="55.722520" lon="13.363480"><ele>22.0</ele></trkpt>
      <trkpt lat="55.722470" lon="13.363310"><ele>22.1</ele></trkpt>
      <trkpt lat="55.722460" lon="13.363220"><ele>22.2</ele></trkpt>
      <trkpt lat="55.722470" lon="13.363120"><ele>22.3</ele></trkpt>
      <trkpt lat="55.722510" lon="13.362940"><ele>22.5</ele></trkpt>
      <trkpt lat="55.722510" lon="13.362900"><ele>22.5</ele></trkpt>
      <trkpt lat="55.722430" lon="13.362650"><ele>22.8</ele></trkpt>
      <trkpt lat="55.722380" lon="13.362660"><ele>22.8</ele></trkpt>
      <trkpt lat="55.722320" lon="13.362650"><ele>22.9</ele></trkpt>
      <trkpt lat="55.722260" lon="13.362590"><ele>22.9</ele></trkpt>
      <trkpt lat="55.722200" lon="13.362490"><ele>23.0</ele></trkpt>
      <trkpt lat="55.721990" lon="13.361980"><ele>23.0</ele></trkpt>
      <trkpt lat="55.721930" lon="13.361880"><ele>23.0</ele></trkpt>
      <trkpt lat="55.721770" lon="13.361490"><ele>23.0</ele></trkpt>
      <trkpt lat="55.721560" lon="13.360880"><ele>23.4</ele></trkpt>
      <trkpt lat="55.721390" lon="13.360550"><ele>24.1</ele></trkpt>
      <trkpt lat="55.720920" lon="13.359390"><ele>26.0</ele></trkpt>
      <trkpt lat="55.720850" lon="13.359120"><ele>25.9</ele></trkpt>
      <trkpt lat="55.720640" lon="13.358590"><ele>25.5</ele></trkpt>
      <trkpt lat="55.720540" lon="13.358350"><ele>25.4</ele></trkpt>
      <trkpt lat="55.720460" lon="13.358220"><ele>25.5</ele></trkpt>
      <trkpt lat="55.720330" lon="13.357900"><ele>25.9</ele></trkpt>
      <trkpt lat="55.720160" lon="13.357470"><ele>26.6</ele></trkpt>
      <trkpt lat="55.719960" lon="13.356870"><ele>27.0</ele></trkpt>
      <trkpt lat="55.719940" lon="13.356710"><ele>27.1</ele></trkpt>
      <trkpt lat="55.719930" lon="13.356530"><ele>27.1</ele></trkpt>
      <trkpt lat="55.719930" lon="13.356360"><ele>27.1</ele></trkpt>
      <trkpt lat="55.719760" lon="13.356450"><ele>27.4</ele></trkpt>
      <trkpt lat="55.719350" lon="13.355170"><ele>28.6</ele></trkpt>
      <trkpt lat="55.718950" lon="13.353900"><ele>29.5</ele></trkpt>
      <trkpt lat="55.718540" lon="13.352620"><ele>30.5</ele></trkpt>
      <trkpt lat="55.718140" lon="13.351340"><ele>30.8</ele></trkpt>
      <trkpt lat="55.717730" lon="13.350070"><ele>30.1</ele></trkpt>
      <trkpt lat="55.717330" lon="13.348790"><ele>30.2</ele></trkpt>
      <trkpt lat="55.716920" lon="13.347510"><ele>30.7</ele></trkpt>
      <trkpt lat="55.716860" lon="13.347230"><ele>30.8</ele></trkpt>
      <trkpt lat="55.716850" lon="13.346900"><ele>30.8</ele></trkpt>
      <trkpt lat="55.716860" lon="13.346740"><ele>30.8</ele></trkpt>
      <trkpt lat="55.716890" lon="13.346540"><ele>30.8</ele></trkpt>
      <trkpt lat="55.717110" lon="13.345530"><ele>30.9</ele></trkpt>
      <trkpt lat="55.717170" lon="13.345140"><ele>30.8</ele></trkpt>
      <trkpt lat="55.717240" lon="13.344550"><ele>31.0</ele></trkpt>
      <trkpt lat="55.717310" lon="13.343590"><ele>31.2</ele></trkpt>
      <trkpt lat="55.717380" lon="13.342640"><ele>30.3</ele></trkpt>
      <trkpt lat="55.717400" lon="13.342410"><ele>30.0</ele></trkpt>
      <trkpt lat="55.717400" lon="13.342160"><ele>29.8</ele></trkpt>
      <trkpt lat="55.717350" lon="13.342150"><ele>29.8</ele></trkpt>
      <trkpt lat="55.717340" lon="13.342000"><ele>29.7</ele></trkpt>
      <trkpt lat="55.717320" lon="13.341930"><ele>29.7</ele></trkpt>
      <trkpt lat="55.717290" lon="13.341890"><ele>29.7</ele></trkpt>
      <trkpt lat="55.717190" lon="13.341830"><ele>29.9</ele></trkpt>
      <trkpt lat="55.716720" lon="13.341650"><ele>30.9</ele></trkpt>
      <trkpt lat="55.716680" lon="13.341570"><ele>31.0</ele></trkpt>
      <trkpt lat="55.716660" lon="13.341450"><ele>31.0</ele></trkpt>
      <trkpt lat="55.716670" lon="13.340960"><ele>31.0</ele></trkpt>
      <trkpt lat="55.716660" lon="13.340820"><ele>31.0</ele></trkpt>
      <trkpt lat="55.716650" lon="13.340750"><ele>31.0</ele></trkpt>
      <trkpt lat="55.716620" lon="13.340680"><ele>31.0</ele></trkpt>
      <trkpt lat="55.716570" lon="13.340630"><ele>31.1</ele></trkpt>
      <trkpt lat="55.716510" lon="13.340590"><ele>31.1</ele></trkpt>
      <trkpt lat="55.716480" lon="13.340580"><ele>31.2</ele></trkpt>
      <trkpt lat="55.716000" lon="13.340490"><ele>31.5</ele></trkpt>
      <trkpt lat="55.715520" lon="13.340390"><ele>32.4</ele></trkpt>
      <trkpt lat="55.715460" lon="13.339990"><ele>32.4</ele></trkpt>
      <trkpt lat="55.715220" lon="13.338810"><ele>33.5</ele></trkpt>
      <trkpt lat="55.714790" lon="13.337700"><ele>35.9</ele></trkpt>
      <trkpt lat="55.714360" lon="13.336590"><ele>37.3</ele></trkpt>
      <trkpt lat="55.714220" lon="13.336270"><ele>38.4</ele></trkpt>
      <trkpt lat="55.714120" lon="13.336160"><ele>39.0</ele></trkpt>
      <trkpt lat="55.713430" lon="13.335630"><ele>42.7</ele></trkpt>
      <trkpt lat="55.713190" lon="13.335410"><ele>43.9</ele></trkpt>
      <trkpt lat="55.713090" lon="13.335280"><ele>44.7</ele></trkpt>
      <trkpt lat="55.713030" lon="13.335100"><ele>45.1</ele></trkpt>
      <trkpt lat="55.712930" lon="13.334740"><ele>45.6</ele></trkpt>
      <trkpt lat="55.712770" lon="13.334050"><ele>46.0</ele></trkpt>
      <trkpt lat="55.712680" lon="13.333430"><ele>46.0</ele></trkpt>
      <trkpt lat="55.712600" lon="13.332660"><ele>45.6</ele></trkpt>
      <trkpt lat="55.712540" lon="13.331700"><ele>45.8</ele></trkpt>
      <trkpt lat="55.712530" lon="13.331040"><ele>46.5</ele></trkpt>
      <trkpt lat="55.712550" lon="13.330120"><ele>46.6</ele></trkpt>
      <trkpt lat="55.712600" lon="13.329010"><ele>45.7</ele></trkpt>
      <trkpt lat="55.712640" lon="13.327910"><ele>46.9</ele></trkpt>
      <trkpt lat="55.712690" lon="13.326800"><ele>47.5</ele></trkpt>
      <trkpt lat="55.712690" lon="13.326550"><ele>47.7</ele></trkpt>
      <trkpt lat="55.712750" lon="13.325370"><ele>48.5</ele></trkpt>
      <trkpt lat="55.712800" lon="13.324180"><ele>49.6</ele></trkpt>
      <trkpt lat="55.712860" lon="13.323120"><ele>50.5</ele></trkpt>
      <trkpt lat="55.712880" lon="13.322190"><ele>50.7</ele></trkpt>
      <trkpt lat="55.712910" lon="13.321260"><ele>50.3</ele></trkpt>
      <trkpt lat="55.712970" lon="13.319770"><ele>48.8</ele></trkpt>
      <trkpt lat="55.713030" lon="13.318290"><ele>48.7</ele></trkpt>
      <trkpt lat="55.713090" lon="13.316800"><ele>48.3</ele></trkpt>
      <trkpt lat="55.713150" lon="13.315320"><ele>51.0</ele></trkpt>
      <trkpt lat="55.713210" lon="13.313840"><ele>52.7</ele></trkpt>
      <trkpt lat="55.713270" lon="13.312350"><ele>53.2</ele></trkpt>
      <trkpt lat="55.713330" lon="13.310870"><ele>53.0</ele></trkpt>
      <trkpt lat="55.713370" lon="13.309880"><ele>53.1</ele></trkpt>
      <trkpt lat="55.713400" lon="13.309130"><ele>53.8</ele></trkpt>
      <trkpt lat="55.713440" lon="13.307910"><ele>53.2</ele></trkpt>
      <trkpt lat="55.713490" lon="13.306690"><ele>52.6</ele></trkpt>
      <trkpt lat="55.713540" lon="13.305470"><ele>52.0</ele></trkpt>
      <trkpt lat="55.713590" lon="13.304250"><ele>51.9</ele></trkpt>
      <trkpt lat="55.713600" lon="13.302930"><ele>52.4</ele></trkpt>
      <trkpt lat="55.713590" lon="13.301960"><ele>52.5</ele></trkpt>
      <trkpt lat="55.713550" lon="13.301040"><ele>53.8</ele></trkpt>
      <trkpt lat="55.713480" lon="13.299930"><ele>55.0</ele></trkpt>
      <trkpt lat="55.713370" lon="13.298380"><ele>56.1</ele></trkpt>
      <trkpt lat="55.713260" lon="13.296820"><ele>54.8</ele></trkpt>
      <trkpt lat="55.713140" lon="13.295270"><ele>55.8</ele></trkpt>
      <trkpt lat="55.713050" lon="13.294040"><ele>56.8</ele></trkpt>
      <trkpt lat="55.712950" lon="13.292800"><ele>57.5</ele></trkpt>
      <trkpt lat="55.712850" lon="13.291300"><ele>57.0</ele></trkpt>
      <trkpt lat="55.712740" lon="13.289800"><ele>56.4</ele></trkpt>
      <trkpt lat="55.712630" lon="13.288300"><ele>57.5</ele></trkpt>
      <trkpt lat="55.712520" lon="13.286810"><ele>57.1</ele></trkpt>
      <trkpt lat="55.712420" lon="13.285410"><ele>58.2</ele></trkpt>
      <trkpt lat="55.712320" lon="13.284020"><ele>59.1</ele></trkpt>
      <trkpt lat="55.712210" lon="13.282630"><ele>58.3</ele></trkpt>
      <trkpt lat="55.712110" lon="13.281240"><ele>57.4</ele></trkpt>
      <trkpt lat="55.712010" lon="13.279850"><ele>57.5</ele></trkpt>
      <trkpt lat="55.712010" lon="13.279760"><ele>57.5</ele></trkpt>
      <trkpt lat="55.712050" lon="13.279670"><ele>57.6</ele></trkpt>
      <trkpt lat="55.712100" lon="13.279640"><ele>57.6</ele></trkpt>
      <trkpt lat="55.712190" lon="13.279590"><ele>57.6</ele></trkpt>
      <trkpt lat="55.712250" lon="13.279540"><ele>57.6</ele></trkpt>
      <trkpt lat="55.712290" lon="13.279480"><ele>57.6</ele></trkpt>
      <trkpt lat="55.712320" lon="13.279390"><ele>57.6</ele></trkpt>
      <trkpt lat="55.712330" lon="13.279280"><ele>57.7</ele></trkpt>
      <trkpt lat="55.712310" lon="13.279170"><ele>57.5</ele></trkpt>
      <trkpt lat="55.712140" lon="13.278520"><ele>57.5</ele></trkpt>
      <trkpt lat="55.711890" lon="13.277830"><ele>59.1</ele></trkpt>
      <trkpt lat="55.711840" lon="13.277590"><ele>59.9</ele></trkpt>
      <trkpt lat="55.711760" lon="13.276460"><ele>63.0</ele></trkpt>
      <trkpt lat="55.711680" lon="13.275330"><ele>63.0</ele></trkpt>
      <trkpt lat="55.711600" lon="13.274200"><ele>61.8</ele></trkpt>
      <trkpt lat="55.711520" lon="13.273220"><ele>60.8</ele></trkpt>
      <trkpt lat="55.711450" lon="13.272240"><ele>61.2</ele></trkpt>
      <trkpt lat="55.711380" lon="13.271280"><ele>61.9</ele></trkpt>
      <trkpt lat="55.711310" lon="13.270330"><ele>63.3</ele></trkpt>
      <trkpt lat="55.711230" lon="13.269300"><ele>63.4</ele></trkpt>
      <trkpt lat="55.711150" lon="13.268200"><ele>63.0</ele></trkpt>
      <trkpt lat="55.711070" lon="13.267110"><ele>61.5</ele></trkpt>
      <trkpt lat="55.711000" lon="13.266010"><ele>61.1</ele></trkpt>
      <trkpt lat="55.710890" lon="13.264550"><ele>61.0</ele></trkpt>
      <trkpt lat="55.710780" lon="13.263100"><ele>61.3</ele></trkpt>
      <trkpt lat="55.710670" lon="13.261640"><ele>62.0</ele></trkpt>
      <trkpt lat="55.710560" lon="13.260180"><ele>63.5</ele></trkpt>
      <trkpt lat="55.710460" lon="13.258720"><ele>64.4</ele></trkpt>
      <trkpt lat="55.710350" lon="13.257270"><ele>65.4</ele></trkpt>
      <trkpt lat="55.710240" lon="13.255810"><ele>66.6</ele></trkpt>
      <trkpt lat="55.710140" lon="13.254380"><ele>66.8</ele></trkpt>
      <trkpt lat="55.710030" lon="13.252950"><ele>67.0</ele></trkpt>
      <trkpt lat="55.709930" lon="13.251520"><ele>67.1</ele></trkpt>
      <trkpt lat="55.709830" lon="13.250090"><ele>66.7</ele></trkpt>
      <trkpt lat="55.709790" lon="13.249580"><ele>66.6</ele></trkpt>
      <trkpt lat="55.709700" lon="13.248380"><ele>66.4</ele></trkpt>
      <trkpt lat="55.709620" lon="13.247180"><ele>66.0</ele></trkpt>
      <trkpt lat="55.709550" lon="13.246370"><ele>66.4</ele></trkpt>
      <trkpt lat="55.709480" lon="13.245560"><ele>67.0</ele></trkpt>
      <trkpt lat="55.709410" lon="13.244530"><ele>67.0</ele></trkpt>
      <trkpt lat="55.709340" lon="13.243500"><ele>67.0</ele></trkpt>
      <trkpt lat="55.709220" lon="13.241920"><ele>67.1</ele></trkpt>
      <trkpt lat="55.709160" lon="13.241270"><ele>67.5</ele></trkpt>
      <trkpt lat="55.709010" lon="13.240260"><ele>68.4</ele></trkpt>
      <trkpt lat="55.708950" lon="13.239850"><ele>68.7</ele></trkpt>
      <trkpt lat="55.708800" lon="13.239110"><ele>69.6</ele></trkpt>
      <trkpt lat="55.708680" lon="13.238550"><ele>70.2</ele></trkpt>
      <trkpt lat="55.708500" lon="13.237770"><ele>70.9</ele></trkpt>
      <trkpt lat="55.708250" lon="13.236900"><ele>70.8</ele></trkpt>
      <trkpt lat="55.708010" lon="13.236020"><ele>69.7</ele></trkpt>
      <trkpt lat="55.707890" lon="13.235540"><ele>69.5</ele></trkpt>
      <trkpt lat="55.707510" lon="13.234120"><ele>68.0</ele></trkpt>
      <trkpt lat="55.707130" lon="13.232700"><ele>66.9</ele></trkpt>
      <trkpt lat="55.706750" lon="13.231270"><ele>65.1</ele></trkpt>
      <trkpt lat="55.707010" lon="13.231050"><ele>65.0</ele></trkpt>
      <trkpt lat="55.707070" lon="13.231050"><ele>65.1</ele></trkpt>
      <trkpt lat="55.707140" lon="13.231020"><ele>65.2</ele></trkpt>
      <trkpt lat="55.707460" lon="13.230780"><ele>65.9</ele></trkpt>
      <trkpt lat="55.707600" lon="13.230650"><ele>66.2</ele></trkpt>
      <trkpt lat="55.707660" lon="13.230570"><ele>66.4</ele></trkpt>
      <trkpt lat="55.707680" lon="13.230490"><ele>66.4</ele></trkpt>
      <trkpt lat="55.707730" lon="13.230420"><ele>66.6</ele></trkpt>
      <trkpt lat="55.708520" lon="13.229770"><ele>68.6</ele></trkpt>
      <trkpt lat="55.709300" lon="13.229120"><ele>69.2</ele></trkpt>
      <trkpt lat="55.709410" lon="13.229170"><ele>69.3</ele></trkpt>
      <trkpt lat="55.709440" lon="13.229170"><ele>69.3</ele></trkpt>
      <trkpt lat="55.709480" lon="13.229120"><ele>69.4</ele></trkpt>
      <trkpt lat="55.709570" lon="13.229050"><ele>69.5</ele></trkpt>
      <trkpt lat="55.709680" lon="13.229070"><ele>69.6</ele></trkpt>
      <trkpt lat="55.709750" lon="13.229060"><ele>69.7</ele></trkpt>
      <trkpt lat="55.709650" lon="13.228690"><ele>69.6</ele></trkpt>
      <trkpt lat="55.709560" lon="13.228100"><ele>69.2</ele></trkpt>
      <trkpt lat="55.709360" lon="13.227340"><ele>68.2</ele></trkpt>
      <trkpt lat="55.709160" lon="13.226590"><ele>68.1</ele></trkpt>
      <trkpt lat="55.709070" lon="13.226130"><ele>68.6</ele></trkpt>
      <trkpt lat="55.709000" lon="13.225670"><ele>68.8</ele></trkpt>
      <trkpt lat="55.708950" lon="13.225000"><ele>68.7</ele></trkpt>
      <trkpt lat="55.708960" lon="13.224570"><ele>68.2</ele></trkpt>
      <trkpt lat="55.709000" lon="13.224070"><ele>67.8</ele></trkpt>
      <trkpt lat="55.709120" lon="13.223050"><ele>67.2</ele></trkpt>
      <trkpt lat="55.709210" lon="13.222690"><ele>66.5</ele></trkpt>
      <trkpt lat="55.709500" lon="13.222610"><ele>66.6</ele></trkpt>
      <trkpt lat="55.709680" lon="13.222520"><ele>66.6</ele></trkpt>
      <trkpt lat="55.709730" lon="13.222470"><ele>66.7</ele></trkpt>
      <trkpt lat="55.709840" lon="13.222560"><ele>66.9</ele></trkpt>
      <trkpt lat="55.709960" lon="13.222630"><ele>67.1</ele></trkpt>
      <trkpt lat="55.710060" lon="13.222140"><ele>67.1</ele></trkpt>
      <trkpt lat="55.710010" lon="13.221520"><ele>67.2</ele></trkpt>
      <trkpt lat="55.709950" lon="13.220990"><ele>67.7</ele></trkpt>
      <trkpt lat="55.709930" lon="13.219980"><ele>68.8</ele></trkpt>
      <trkpt lat="55.709850" lon="13.219280"><ele>66.9</ele></trkpt>
      <trkpt lat="55.709810" lon="13.219110"><ele>66.4</ele></trkpt>
      <trkpt lat="55.709760" lon="13.218940"><ele>65.9</ele></trkpt>
      <trkpt lat="55.709730" lon="13.218720"><ele>65.3</ele></trkpt>
      <trkpt lat="55.709720" lon="13.218460"><ele>64.6</ele></trkpt>
      <trkpt lat="55.709730" lon="13.218310"><ele>64.4</ele></trkpt>
      <trkpt lat="55.709710" lon="13.218090"><ele>64.5</ele></trkpt>
      <trkpt lat="55.709650" lon="13.217610"><ele>64.7</ele></trkpt>
      <trkpt lat="55.709590" lon="13.217170"><ele>64.7</ele></trkpt>
      <trkpt lat="55.709430" lon="13.215740"><ele>64.3</ele></trkpt>
      <trkpt lat="55.709320" lon="13.214840"><ele>63.7</ele></trkpt>
      <trkpt lat="55.709230" lon="13.214570"><ele>63.3</ele></trkpt>
      <trkpt lat="55.709180" lon="13.214260"><ele>63.0</ele></trkpt>
      <trkpt lat="55.709070" lon="13.213210"><ele>63.1</ele></trkpt>
      <trkpt lat="55.708960" lon="13.212160"><ele>63.0</ele></trkpt>
      <trkpt lat="55.709030" lon="13.212090"><ele>63.0</ele></trkpt>
      <trkpt lat="55.709330" lon="13.212120"><ele>63.4</ele></trkpt>
      <trkpt lat="55.709420" lon="13.212130"><ele>63.6</ele></trkpt>
      <trkpt lat="55.709530" lon="13.212180"><ele>63.9</ele></trkpt>
      <trkpt lat="55.709830" lon="13.212260"><ele>64.6</ele></trkpt>
      <trkpt lat="55.710240" lon="13.212300"><ele>65.6</ele></trkpt>
      <trkpt lat="55.710720" lon="13.212370"><ele>66.7</ele></trkpt>
      <trkpt lat="55.711190" lon="13.212430"><ele>67.4</ele></trkpt>
      <trkpt lat="55.711530" lon="13.212540"><ele>67.8</ele></trkpt>
      <trkpt lat="55.711740" lon="13.212630"><ele>67.9</ele></trkpt>
      <trkpt lat="55.711770" lon="13.212380"><ele>68.1</ele></trkpt>
      <trkpt lat="55.711750" lon="13.212350"><ele>68.1</ele></trkpt>
      <trkpt lat="55.711740" lon="13.212310"><ele>68.1</ele></trkpt>
      <trkpt lat="55.711810" lon="13.211220"><ele>68.7</ele></trkpt>
      <trkpt lat="55.711880" lon="13.210130"><ele>69.5</ele></trkpt>
      <trkpt lat="55.711910" lon="13.209880"><ele>69.4</ele></trkpt>
      <trkpt lat="55.712050" lon="13.209000"><ele>68.8</ele></trkpt>
      <trkpt lat="55.712170" lon="13.208410"><ele>68.8</ele></trkpt>
      <trkpt lat="55.712180" lon="13.208220"><ele>69.0</ele></trkpt>
      <trkpt lat="55.712170" lon="13.208100"><ele>69.0</ele></trkpt>
      <trkpt lat="55.712170" lon="13.208030"><ele>69.1</ele></trkpt>
      <trkpt lat="55.712190" lon="13.207970"><ele>69.2</ele></trkpt>
      <trkpt lat="55.712230" lon="13.207880"><ele>69.4</ele></trkpt>
      <trkpt lat="55.712400" lon="13.207760"><ele>69.8</ele></trkpt>
      <trkpt lat="55.712470" lon="13.207790"><ele>69.9</ele></trkpt>
      <trkpt lat="55.712600" lon="13.207140"><ele>70.0</ele></trkpt>
      <trkpt lat="55.712780" lon="13.206380"><ele>70.2</ele></trkpt>
      <trkpt lat="55.712830" lon="13.206110"><ele>70.5</ele></trkpt>
      <trkpt lat="55.712880" lon="13.205850"><ele>70.9</ele></trkpt>
      <trkpt lat="55.712940" lon="13.205330"><ele>71.4</ele></trkpt>
      <trkpt lat="55.712960" lon="13.205010"><ele>71.6</ele></trkpt>
      <trkpt lat="55.713020" lon="13.203840"><ele>71.4</ele></trkpt>
      <trkpt lat="55.713060" lon="13.203400"><ele>71.1</ele></trkpt>
      <trkpt lat="55.713140" lon="13.202610"><ele>68.6</ele></trkpt>
      <trkpt lat="55.713220" lon="13.201820"><ele>66.6</ele></trkpt>
      <trkpt lat="55.713260" lon="13.201550"><ele>65.9</ele></trkpt>
      <trkpt lat="55.713330" lon="13.201330"><ele>65.2</ele></trkpt>
      <trkpt lat="55.713460" lon="13.201030"><ele>63.8</ele></trkpt>
      <trkpt lat="55.713520" lon="13.200910"><ele>63.3</ele></trkpt>
      <trkpt lat="55.713580" lon="13.200750"><ele>62.7</ele></trkpt>
      <trkpt lat="55.713660" lon="13.200490"><ele>62.2</ele></trkpt>
      <trkpt lat="55.713740" lon="13.200570"><ele>61.9</ele></trkpt>
      <trkpt lat="55.713810" lon="13.200610"><ele>61.6</ele></trkpt>
      <trkpt lat="55.713840" lon="13.200580"><ele>61.4</ele></trkpt>
      <trkpt lat="55.713860" lon="13.200530"><ele>61.3</ele></trkpt>
      <trkpt lat="55.713990" lon="13.200350"><ele>60.7</ele></trkpt>
      <trkpt lat="55.714190" lon="13.200170"><ele>60.0</ele></trkpt>
      <trkpt lat="55.714270" lon="13.200060"><ele>60.1</ele></trkpt>
      <trkpt lat="55.714410" lon="13.199840"><ele>60.5</ele></trkpt>
      <trkpt lat="55.714530" lon="13.199680"><ele>60.8</ele></trkpt>
      <trkpt lat="55.714590" lon="13.199560"><ele>61.0</ele></trkpt>
      <trkpt lat="55.714720" lon="13.199910"><ele>60.8</ele></trkpt>
      <trkpt lat="55.714780" lon="13.199950"><ele>60.8</ele></trkpt>
      <trkpt lat="55.714930" lon="13.199830"><ele>61.1</ele></trkpt>
      <trkpt lat="55.714920" lon="13.199760"><ele>61.2</ele></trkpt>
      <trkpt lat="55.714920" lon="13.199690"><ele>61.3</ele></trkpt>
      <trkpt lat="55.714930" lon="13.199630"><ele>61.4</ele></trkpt>
      <trkpt lat="55.715000" lon="13.199510"><ele>61.6</ele></trkpt>
      <trkpt lat="55.715290" lon="13.199150"><ele>62.7</ele></trkpt>
      <trkpt lat="55.715810" lon="13.198380"><ele>63.9</ele></trkpt>
      <trkpt lat="55.716040" lon="13.197950"><ele>63.3</ele></trkpt>
      <trkpt lat="55.716210" lon="13.197600"><ele>63.0</ele></trkpt>
      <trkpt lat="55.716380" lon="13.197180"><ele>63.0</ele></trkpt>
      <trkpt lat="55.716510" lon="13.196860"><ele>63.3</ele></trkpt>
      <trkpt lat="55.716650" lon="13.196440"><ele>63.4</ele></trkpt>
      <trkpt lat="55.716800" lon="13.195930"><ele>62.2</ele></trkpt>
      <trkpt lat="55.716850" lon="13.195690"><ele>61.8</ele></trkpt>
      <trkpt lat="55.716940" lon="13.195210"><ele>61.3</ele></trkpt>
      <trkpt lat="55.717000" lon="13.194780"><ele>60.6</ele></trkpt>
      <trkpt lat="55.717000" lon="13.194690"><ele>60.5</ele></trkpt>
      <trkpt lat="55.717670" lon="13.194800"><ele>60.5</ele></trkpt>
      <trkpt lat="55.718340" lon="13.194910"><ele>60.8</ele></trkpt>
      <trkpt lat="55.718350" lon="13.194160"><ele>59.0</ele></trkpt>
      <trkpt lat="55.718600" lon="13.194170"><ele>59.0</ele></trkpt>
      <trkpt lat="55.718680" lon="13.194140"><ele>59.0</ele></trkpt>
      <trkpt lat="55.718920" lon="13.193990"><ele>58.9</ele></trkpt>
    </trkseg>
  </trk>
</gpx>
